ambient_temperature,Re,Rct,SOH
24.062,-0.3733333666666666,9.626666633333333,0.0
24.062,0.6360001000000001,0.13600010000000004,71.61501382241663
24.062,0.6694737912280702,0.14315800175438598,68.0342623367894
24.062,0.6579311379310344,0.14068975862068966,69.22784669500275
24.062,0.6579311362068965,0.14068975689655175,69.2278475034479
24.0,0.6366667650000001,0.13666676500000005,71.282100255701
23.937,0.6366667683333334,0.13666676833333335,71.28209859916288
24.0,0.6255738704918032,0.1337705918032787,72.80859653586234
24.0,0.6579311327586207,0.14068975344827592,69.22784912033825
24.062,0.6366667650000001,0.13666676500000005,71.282100255701
24.0,0.6366667650000001,0.13666676500000005,71.282100255701
24.0,0.6360000983333334,0.13600009833333337,71.61501465873921
24.0,0.6366667633333334,0.13666676333333339,71.28210108397009
24.0,0.626229606557377,0.13442632786885247,72.47013441788914
24.0,0.6366667683333334,0.13666676833333335,71.28209859916288
24.0,0.6366667666666667,0.1366667666666667,71.28209942743194
24.0,0.6586207948275862,0.1413794155172414,68.90602864585745
24.0,0.6360001000000001,0.13600010000000004,71.61501382241663
24.0,0.6360001016666667,0.13600010166666668,71.6150129860941
24.0,0.6467797627118644,0.138305186440678,70.4214302587097
24.0,0.6694737894736842,0.14315800000000004,68.0342631312958
23.937,0.6360000950000001,0.13600009500000007,71.6150163313844
23.937,0.6467797627118644,0.138305186440678,70.4214302587097
24.0,0.6467797627118644,0.138305186440678,70.4214302587097
23.937,0.647457727118644,0.13898315084745766,70.09406525143933
23.937,0.6467797644067796,0.13830518813559323,70.42142943632587
24.0,0.6474577288135593,0.1389831525423729,70.09406443697475
24.0,0.6262296032786885,0.134426324590164,72.47013610203625
24.0,0.6360000950000001,0.13600009500000007,71.6150163313844
24.0,0.6366667683333334,0.13666676833333335,71.28209859916288
24.0,0.6579311413793103,0.14068976206896552,69.22784507811251
24.0,0.6701755385964913,0.14385974912280708,67.71799681662723
24.0,0.6579311396551724,0.14068976034482758,69.22784588655763
24.0,0.6255738672131147,0.1337705885245902,72.80859823638485
24.0,0.6467797627118644,0.138305186440678,70.4214302587097
24.0,0.6467797644067796,0.13830518813559323,70.42142943632587
24.0,0.6262296016393443,0.13442632295081972,72.47013694410987
24.0,0.6474577322033898,0.1389831559322034,70.09406280804563
23.937,0.6467797644067796,0.13830518813559323,70.42142943632587
23.937,0.6467797627118644,0.138305186440678,70.4214302587097
23.937,0.647457727118644,0.13898315084745766,70.09406525143933
23.937,0.6467797576271187,0.13830518135593226,70.42143272586132
23.937,0.6360000983333334,0.13600009833333337,71.61501465873921
23.875,0.6360001000000001,0.13600010000000004,71.61501382241663
23.937,0.647457727118644,0.13898315084745766,70.09406525143933
24.0,0.6360000983333334,0.13600009833333337,71.61501465873921
23.937,0.6467797593220339,0.1383051830508475,70.42143190347744
24.0,0.6154839645161291,0.1316129967741936,74.00218267823051
23.937,0.6579311344827586,0.14068975517241383,69.22784831189307
23.937,0.6467797593220339,0.1383051830508475,70.42143190347744
23.937,0.6360001033333333,0.13600010333333334,71.61501214977157
23.937,0.6360000966666667,0.1360000966666667,71.6150154950618
24.0,0.626229606557377,0.13442632786885247,72.47013441788914
23.937,0.6461017966101695,0.1376272203389831,70.75198712364096
23.937,0.6262296032786885,0.134426324590164,72.47013610203625
23.937,0.6467797627118644,0.138305186440678,70.4214302587097
24.0,0.6579311379310344,0.14068975862068966,69.22784669500275
24.0,0.6467797610169491,0.13830518474576275,70.42143108109356
24.0,0.6467797627118644,0.138305186440678,70.4214302587097
24.0,0.6262296049180328,0.13442632622950823,72.47013525996269
23.937,0.6467797627118644,0.138305186440678,70.4214302587097
24.0,0.6579311344827586,0.14068975517241383,69.22784831189307
24.0,0.647457727118644,0.13898315084745766,70.09406525143933
23.937,0.6467797610169491,0.13830518474576275,70.42143108109356
23.937,0.6154839661290323,0.1316129983870968,74.00218181403052
23.937,0.6360000983333334,0.13600009833333337,71.61501465873921
23.937,0.6148388048387097,0.13096783709677423,74.34954666358966
24.0,0.6579311344827586,0.14068975517241383,69.22784831189307
24.0,0.6262296049180328,0.13442632622950823,72.47013525996269
24.0,0.6467797644067796,0.13830518813559323,70.42142943632587
24.0,0.6474577237288136,0.13898314745762716,70.09406688036854
24.0,0.6366667666666667,0.1366667666666667,71.28209942743194
24.0,0.6467797627118644,0.138305186440678,70.4214302587097
24.0,0.6586207879310345,0.1413794086206897,68.90603184849789
24.0,0.6360000966666667,0.1360000966666667,71.6150154950618
24.062,0.6586207896551723,0.14137941034482762,68.90603104783776
24.062,0.6467797593220339,0.1383051830508475,70.42143190347744
24.062,0.6255738672131147,0.1337705885245902,72.80859823638485
24.0,0.6579311362068965,0.14068975689655175,69.2278475034479
24.0,0.6474577237288136,0.13898314745762716,70.09406688036854
24.0,0.6467797593220339,0.1383051830508475,70.42143190347744
24.0,0.6467797627118644,0.138305186440678,70.4214302587097
24.062,0.6694737859649124,0.14315799649122812,68.0342647203087
24.062,0.6814286767857143,0.1457143910714286,66.8406803481566
24.062,0.6360000983333334,0.13600009833333337,71.61501465873921
24.062,0.647457727118644,0.13898315084745766,70.09406525143933
24.062,0.647457727118644,0.13898315084745766,70.09406525143933
24.062,0.6366667650000001,0.13666676500000005,71.282100255701
24.0,0.6579311379310344,0.14068975862068966,69.22784669500275
24.0,0.6360000983333334,0.13600009833333337,71.61501465873921
24.0,0.6161291258064516,0.13225815806451618,73.65817112010242
24.062,0.6360001000000001,0.13600010000000004,71.61501382241663
24.062,0.625573868852459,0.13377059016393444,72.80859738612358
24.062,0.6814286732142857,0.14571438750000004,66.84068190929212
24.062,0.6694737859649124,0.14315799649122812,68.0342647203087
24.0,0.6154839693548387,0.13161300161290324,74.00218008563057
24.0,0.6467797610169491,0.13830518474576275,70.42143108109356
24.0,0.6154839677419355,0.13161300000000004,74.00218094983053
23.937,0.6467797610169491,0.13830518474576275,70.42143108109356
23.937,0.6701755456140351,0.1438597561403509,67.71799366920474
23.875,0.6366667616666667,0.13666676166666672,71.2821019122392
23.875,0.6360001000000001,0.13600010000000004,71.61501382241663
23.937,0.6262296032786885,0.134426324590164,72.47013610203625
23.937,0.6255738672131147,0.1337705885245902,72.80859823638485
23.937,0.6467797644067796,0.13830518813559323,70.42142943632587
23.937,0.647457727118644,0.13898315084745766,70.09406525143933
23.937,0.6474577220338983,0.13898314576271192,70.09406769483319
24.0,0.6360000966666667,0.1360000966666667,71.6150154950618
24.0,0.6366667616666667,0.13666676166666672,71.2821019122392
24.0,0.6467797661016949,0.1383051898305085,70.42142861394204
24.0,0.6579311379310344,0.14068975862068966,69.22784669500275
24.0,0.6586207931034482,0.14137941379310345,68.90602944651755
24.0,0.6461018,0.13762722372881356,70.75198546280066
24.062,0.6154839677419355,0.13161300000000004,74.00218094983053
24.0,0.6586207913793103,0.14137941206896554,68.90603024717764
24.0,0.625573868852459,0.13377059016393444,72.80859738612358
24.0,0.6694737859649124,0.14315799649122812,68.0342647203087
23.937,0.6579311344827586,0.14068975517241383,69.22784831189307
24.0,0.6701755438596492,0.14385975438596493,67.71799445606035
23.937,0.6366667666666667,0.1366667666666667,71.28209942743194
24.0,0.6360000966666667,0.1360000966666667,71.6150154950618
24.0,0.6360000983333334,0.13600009833333337,71.61501465873921
24.062,0.6467797627118644,0.138305186440678,70.4214302587097
24.062,0.6360001033333333,0.13600010333333334,71.61501214977157
24.062,0.6360000983333334,0.13600009833333337,71.61501465873921
24.062,0.6579311396551724,0.14068976034482758,69.22784588655763
24.062,0.6360000966666667,0.1360000966666667,71.6150154950618
24.125,0.6262296081967212,0.13442632950819672,72.47013357581562
24.125,0.6474577288135593,0.1389831525423729,70.09406443697475
24.125,0.6467797593220339,0.1383051830508475,70.42143190347744
24.062,0.6586207948275862,0.1413794155172414,68.90602864585745
24.062,0.625573868852459,0.13377059016393444,72.80859738612358
24.125,0.6262296049180328,0.13442632622950823,72.47013525996269
24.187,0.6694737894736842,0.14315800000000004,68.0342631312958
24.062,0.6360001000000001,0.13600010000000004,71.61501382241663
24.062,0.6467797644067796,0.13830518813559323,70.42142943632587
24.0,0.6467797627118644,0.138305186440678,70.4214302587097
24.0,0.6366667666666667,0.1366667666666667,71.28209942743194
24.0,0.6579311344827586,0.14068975517241383,69.22784831189307
24.062,0.6360001016666667,0.13600010166666668,71.6150129860941
24.062,0.625573868852459,0.13377059016393444,72.80859738612358
24.062,0.6360001000000001,0.13600010000000004,71.61501382241663
24.062,0.6255738655737705,0.13377058688524593,72.80859908664617
24.062,0.6262296081967212,0.13442632950819672,72.47013357581562
24.062,0.6467797644067796,0.13830518813559323,70.42142943632587
24.062,0.6579311344827586,0.14068975517241383,69.22784831189307
24.0,0.6814286803571428,0.14571439464285715,66.84067878702116
24.062,0.6360000966666667,0.1360000966666667,71.6150154950618
24.125,0.6360000966666667,0.1360000966666667,71.6150154950618
24.125,0.6474577237288136,0.13898314745762716,70.09406688036854
24.125,0.6467797576271187,0.13830518135593226,70.42143272586132
24.125,0.6360000966666667,0.1360000966666667,71.6150154950618
24.125,0.6586207913793103,0.14137941206896554,68.90603024717764
24.125,0.6360001016666667,0.13600010166666668,71.6150129860941
24.125,0.6262296016393443,0.13442632295081972,72.47013694410987
24.125,0.6474577288135593,0.1389831525423729,70.09406443697475
24.125,0.6694737877192982,0.14315799824561407,68.03426392580225
24.187,0.6467797610169491,0.13830518474576275,70.42143108109356
24.187,0.6360000983333334,0.13600009833333337,71.61501465873921
24.125,0.6467797644067796,0.13830518813559323,70.42142943632587
24.125,0.5962500921875,0.12750009218750002,76.38934896932183
24.125,0.6360001000000001,0.13600010000000004,71.61501382241663
24.062,0.6467797627118644,0.138305186440678,70.4214302587097
24.062,0.6467797644067796,0.13830518813559323,70.42142943632587
24.062,0.647457727118644,0.13898315084745766,70.09406525143933
24.062,0.6586207948275862,0.1413794155172414,68.90602864585745
24.187,0.6255738639344263,0.13377058524590169,72.80859993690747
24.187,0.6255738704918032,0.1337705918032787,72.80859653586234
24.187,0.6474577254237288,0.13898314915254242,70.09406606590392
24.25,0.6360001033333333,0.13600010333333334,71.61501214977157
24.187,0.6694737859649124,0.14315799649122812,68.0342647203087
24.187,0.6262296016393443,0.13442632295081972,72.47013694410987
24.187,0.6467797627118644,0.138305186440678,70.4214302587097
24.187,0.6366667633333334,0.13666676333333339,71.28210108397009
24.187,0.6467797576271187,0.13830518135593226,70.42143272586132
24.25,0.6360001033333333,0.13600010333333334,71.61501214977157
24.25,0.6366667666666667,0.1366667666666667,71.28209942743194
24.25,0.693818290909091,0.14836374545454548,65.64709600388193
24.312,0.647457727118644,0.13898315084745766,70.09406525143933
24.312,0.6467797627118644,0.138305186440678,70.4214302587097
24.312,0.6366667666666667,0.1366667666666667,71.28209942743194
24.312,0.6255738655737705,0.13377058688524593,72.80859908664617
24.375,0.6467797644067796,0.13830518813559323,70.42142943632587
24.375,0.6579311379310344,0.14068975862068966,69.22784669500275
24.312,0.6467797627118644,0.138305186440678,70.4214302587097
24.312,0.6579311379310344,0.14068975862068966,69.22784669500275
24.312,0.6360000983333334,0.13600009833333337,71.61501465873921
24.312,0.636000105,0.13600010500000007,71.61501131344905
24.312,0.6467797644067796,0.13830518813559323,70.42142943632587
24.375,0.6360001000000001,0.13600010000000004,71.61501382241663
24.375,0.6694737877192982,0.14315799824561407,68.03426392580225
24.375,0.6467797593220339,0.1383051830508475,70.42143190347744
24.375,0.6154839677419355,0.13161300000000004,74.00218094983053
24.375,0.6255738704918032,0.1337705918032787,72.80859653586234
24.437,0.6474577305084745,0.13898315423728816,70.09406362251018
24.437,0.6579311379310344,0.14068975862068966,69.22784669500275
24.437,0.6255738672131147,0.1337705885245902,72.80859823638485
24.437,0.6467797627118644,0.138305186440678,70.4214302587097
24.437,0.6154839741935484,0.13161300645161297,74.00217749303076
24.437,0.6467797644067796,0.13830518813559323,70.42142943632587
24.437,0.6360000966666667,0.1360000966666667,71.6150154950618
24.437,0.6360001033333333,0.13600010333333334,71.61501214977157
24.437,0.6579311396551724,0.14068976034482758,69.22784588655763
24.437,0.6467797627118644,0.138305186440678,70.4214302587097
24.437,0.6262296081967212,0.13442632950819672,72.47013357581562
24.437,0.6579311396551724,0.14068976034482758,69.22784588655763
24.437,0.6687720350877193,0.1424562456140351,68.35361467877176
24.5,0.6467797576271187,0.13830518135593226,70.42143272586132
24.437,0.6467797644067796,0.13830518813559323,70.42142943632587
24.437,0.6467797593220339,0.1383051830508475,70.42143190347744
24.437,0.6579311379310344,0.14068975862068966,69.22784669500275
24.437,0.6474577220338983,0.13898314576271192,70.09406769483319
24.375,0.6579311379310344,0.14068975862068966,69.22784669500275
24.375,0.6360001000000001,0.13600010000000004,71.61501382241663
24.375,0.6467797593220339,0.1383051830508475,70.42143190347744
24.375,0.6579311379310344,0.14068975862068966,69.22784669500275
24.375,0.6467797593220339,0.1383051830508475,70.42143190347744
24.375,0.6467797610169491,0.13830518474576275,70.42143108109356
24.437,0.6360001016666667,0.13600010166666668,71.6150129860941
24.437,0.6154839645161291,0.1316129967741936,74.00218267823051
24.437,0.6694737894736842,0.14315800000000004,68.0342631312958
24.437,0.6360000966666667,0.1360000966666667,71.6150154950618
24.437,0.6467797610169491,0.13830518474576275,70.42143108109356
24.437,0.6694737877192982,0.14315799824561407,68.03426392580225
24.437,0.6467797593220339,0.1383051830508475,70.42143190347744
24.437,0.6579311413793103,0.14068976206896552,69.22784507811251
24.437,0.6467797559322034,0.13830517966101702,70.42143354824523
24.437,0.6579311379310344,0.14068975862068966,69.22784669500275
24.437,0.6579311396551724,0.14068976034482758,69.22784588655763
24.437,0.6467797661016949,0.1383051898305085,70.42142861394204
24.437,0.6467797610169491,0.13830518474576275,70.42143108109356
24.437,0.6572414810344828,0.14000010172413796,69.55280171755163
24.437,0.625573868852459,0.13377059016393444,72.80859738612358
24.5,0.6467797610169491,0.13830518474576275,70.42143108109356
24.437,0.6154839645161291,0.1316129967741936,74.00218267823051
24.5,0.6360001016666667,0.13600010166666668,71.6150129860941
24.5,0.6694737894736842,0.14315800000000004,68.0342631312958
24.5,0.6467797610169491,0.13830518474576275,70.42143108109356
24.437,0.6360001000000001,0.13600010000000004,71.61501382241663
24.5,0.6694737877192982,0.14315799824561407,68.03426392580225
24.5,0.6579311413793103,0.14068976206896552,69.22784507811251
24.437,0.6461017966101695,0.1376272203389831,70.75198712364096
24.437,0.6353334350000001,0.13533343500000003,71.95117250158046
24.437,0.6467797627118644,0.138305186440678,70.4214302587097
24.437,0.625573868852459,0.13377059016393444,72.80859738612358
24.5,0.6579311413793103,0.14068976206896552,69.22784507811251
24.5,0.6360001000000001,0.13600010000000004,71.61501382241663
24.437,0.6467797610169491,0.13830518474576275,70.42143108109356
24.437,0.6360001016666667,0.13600010166666668,71.6150129860941
24.437,0.6360001000000001,0.13600010000000004,71.61501382241663
24.437,0.6467797627118644,0.138305186440678,70.4214302587097
24.375,0.6572414827586206,0.14000010344827588,69.55280090120638
24.437,0.6579311379310344,0.14068975862068966,69.22784669500275
24.437,0.6579311396551724,0.14068976034482758,69.22784588655763
24.437,0.647457727118644,0.13898315084745766,70.09406525143933
24.437,0.6579311344827586,0.14068975517241383,69.22784831189307
24.437,0.6154839661290323,0.1316129983870968,74.00218181403052
24.437,0.6360000966666667,0.1360000966666667,71.6150154950618
24.375,0.6467797576271187,0.13830518135593226,70.42143272586132
24.375,0.6467797610169491,0.13830518474576275,70.42143108109356
24.375,0.6579311310344828,0.140689751724138,69.22784992878346
24.375,0.6694737912280702,0.14315800175438598,68.0342623367894
24.375,0.6360000983333334,0.13600009833333337,71.61501465873921
24.375,0.6467797627118644,0.138305186440678,70.4214302587097
24.375,0.6694737894736842,0.14315800000000004,68.0342631312958
24.375,0.6694737912280702,0.14315800175438598,68.0342623367894
24.375,0.6579311413793103,0.14068976206896552,69.22784507811251
24.375,0.6572414810344828,0.14000010172413796,69.55280171755163
24.312,0.6255738655737705,0.13377058688524593,72.80859908664617
24.25,0.6814286785714285,0.14571439285714288,66.84067956758886
24.25,0.6586207896551723,0.14137941034482762,68.90603104783776
24.312,0.6360001016666667,0.13600010166666668,71.6150129860941
24.375,0.6579311362068965,0.14068975689655175,69.2278475034479
24.375,0.6694737842105264,0.14315799473684215,68.03426551481517
24.312,0.6807143892857143,0.14500010357142862,67.15443003272806
24.375,0.6255738672131147,0.1337705885245902,72.80859823638485
24.375,0.6467797610169491,0.13830518474576275,70.42143108109356
24.375,0.6572414810344828,0.14000010172413796,69.55280171755163
24.375,0.6467797627118644,0.138305186440678,70.4214302587097
24.375,0.6360001033333333,0.13600010333333334,71.61501214977157
24.375,0.6579311344827586,0.14068975517241383,69.22784831189307
24.375,0.706666775925926,0.15111122037037042,64.45351319286529
24.375,0.6360000966666667,0.1360000966666667,71.6150154950618
24.375,0.6461017983050847,0.13762722203389832,70.7519862932208
24.375,0.625573868852459,0.13377059016393444,72.80859738612358
24.375,0.6360000966666667,0.1360000966666667,71.6150154950618
24.062,1.0400000999999999,-28.9599999,2.3060800015022083
24.062,0.6255738672131147,0.1337705885245902,72.80859823638485
24.062,0.6586207913793103,0.14137941206896554,68.90603024717764
24.062,0.6579311344827586,0.14068975517241383,69.22784831189307
24.062,0.6360000983333334,0.13600009833333337,71.61501465873921
24.062,0.6572414827586206,0.14000010344827588,69.55280090120638
24.062,0.647457727118644,0.13898315084745766,70.09406525143933
24.0,0.6814286767857143,0.1457143910714286,66.8406803481566
24.0,0.6694737859649124,0.14315799649122812,68.0342647203087
24.0,0.6360001000000001,0.13600010000000004,71.61501382241663
24.0,0.6467797610169491,0.13830518474576275,70.42143108109356
23.937,0.6579311379310344,0.14068975862068966,69.22784669500275
23.937,0.6360001016666667,0.13600010166666668,71.6150129860941
23.937,0.6353334316666667,0.1353334316666667,71.95117419057064
23.937,0.6249181295081967,0.13311485081967217,73.15036042708016
23.937,0.6814286732142857,0.14571438750000004,66.84068190929212
23.937,0.6467797593220339,0.1383051830508475,70.42143190347744
23.937,0.6579311379310344,0.14068975862068966,69.22784669500275
23.937,0.6255738655737705,0.13377058688524593,72.80859908664617
24.0,0.6687720315789474,0.1424562421052632,68.35361628331249
24.0,0.6249181360655738,0.13311485737704923,73.1503569928002
24.0,0.6467797627118644,0.138305186440678,70.4214302587097
24.0,0.6360000983333334,0.13600009833333337,71.61501465873921
23.875,111.99997,-2888.00003,0.02117900986198489
23.812,0.6360000950000001,0.13600009500000007,71.6150163313844
23.812,0.6572414793103448,0.14000010000000004,69.55280253389691
23.812,0.6255738672131147,0.1337705885245902,72.80859823638485
23.812,0.6467797610169491,0.13830518474576275,70.42143108109356
23.875,-1.0400000999999999,28.9599999,0.0
23.937,0.5408220191780821,0.12986311506849313,75.5513406529735
23.937,0.5168422078947368,0.12210536578947369,80.2649496865005
23.937,0.5318919918918918,0.12648658648648647,77.51821540977761
23.937,0.5488889916666666,0.13222232499999997,74.21916014709026
23.937,0.6586207913793103,0.14137941206896554,68.90603024717764
23.937,0.5413699616438356,0.13041105753424656,75.2499833163444
23.875,0.6481356983050848,0.1396611220338983,69.7698416795096
23.875,0.6373334333333334,0.13733343333333337,70.95238300965734
23.937,0.6586207965517241,0.1413794172413793,68.9060278451974
24.0,0.56514296,0.13657153142857142,71.87093114407762
23.937,0.5345946905405405,0.12918928513513514,75.97784224944843
23.937,0.6474577305084745,0.13898315423728816,70.09406362251018
24.0,0.5494445472222222,0.13277788055555553,73.92438485183334
24.0,0.6586207896551723,0.14137941034482762,68.90603104783776
24.0,0.6586207948275862,0.1413794155172414,68.90602864585745
24.062,0.5657143857142858,0.13714295714285715,71.58670284443308
24.062,0.6373334366666666,0.13733343666666667,70.9523813689928
24.125,0.6076191428571428,0.1314286666666667,74.1571092447357
24.125,0.5657143885714285,0.13714296,71.586701429129
24.125,0.5577465802816901,0.1352113690140845,72.60936859240226
24.125,0.5500001,0.13333343333333333,73.63203575567555
24.125,0.6275410852459016,0.13573780655737705,71.80291364835475
24.062,0.5424658534246575,0.13150694931506848,74.65470218096885
24.062,0.6281968213114754,0.13639354262295084,71.47406521375837
24.0,0.6380000983333334,0.13800009833333338,70.62581914082972
24.062,0.5505556583333333,0.13388899166666665,73.34207840350129
24.062,0.6380000983333334,0.13800009833333338,70.62581914082972
24.0,0.5657143885714285,0.13714296,71.586701429129
23.937,0.6076191428571428,0.1314286666666667,74.1571092447357
24.0,0.5662858142857143,0.13771438571428574,71.30480125531984
24.0,0.6488136593220339,0.1403390830508475,69.44872215514923
24.0,0.5583099605633802,0.13577474929577465,72.32343984946391
24.0,0.6380001000000001,0.13800010000000004,70.62581832831971
24.062,0.5744928608695652,0.13971025217391303,70.28615847002206
24.062,0.6275410770491804,0.13573779836065578,71.80291777861399
24.062,0.6275410819672131,0.13573780327868853,71.80291530045838
24.125,0.6275410836065574,0.1357378049180328,71.80291447440655
24.125,0.6275410819672131,0.13573780327868853,71.80291530045838
24.125,0.6600001068965516,0.1427587275862069,68.27162281318977
24.125,0.6488136593220339,0.1403390830508475,69.44872215514923
24.125,0.6488136627118644,0.14033908644067797,69.44872055721291
24.125,0.6275410836065574,0.1357378049180328,71.80291447440655
24.125,0.6275410836065574,0.1357378049180328,71.80291447440655
24.125,0.5430137958904109,0.13205489178082191,74.36072057717136
24.187,0.5583099577464788,0.13577474647887325,72.32344127325298
24.187,0.6386667650000001,0.13866676500000005,70.30236083624757
24.25,0.6275410852459016,0.13573780655737705,71.80291364835475
24.187,-1.0799998,28.9200002,0.0
24.25,0.5505556597222222,0.13388899305555554,73.34207768158012
24.25,0.5505556555555555,0.1338889888888889,73.34207984734368
24.25,0.528000096,0.128000096,76.70003724549535
24.25,0.5577465830985915,0.1352113718309859,72.60936715687963
24.25,0.6386667666666667,0.1386667666666667,70.30236003144756
24.25,0.5511112083333334,0.1344445416666667,73.05449043575933
24.25,0.6606897603448275,0.14344838103448276,67.958947252426
24.312,0.5511112083333334,0.1344445416666667,73.05449043575933
24.312,0.5516667652777778,0.13500009861111112,72.76923483064802
24.312,0.6494916237288135,0.14101704745762716,69.13065561369682
24.375,0.5356757716216216,0.1302703662162162,75.37936058507782
24.375,0.5362163162162161,0.13081091081081078,75.08377889301158
24.375,0.558873342253521,0.1363381309859155,72.03984261696249
24.375,0.5588733394366197,0.13633812816901408,72.03984402916261
24.375,0.575072568115942,0.14028995942028985,70.01055196184952
24.375,0.5441096863013698,0.13315078219178084,73.77991864774035
24.375,0.5668572428571429,0.13828581428571432,71.02519903476602
24.437,0.5668572471428571,0.13828581857142858,71.02519694630104
24.375,0.650169593220339,0.14169501694915257,68.81559757403336
24.375,0.6501695898305085,0.14169501355932207,68.81559914186036
24.375,0.5756522739130434,0.14086966521739128,69.73718474066673
24.375,0.6393334333333334,0.13933343333333337,69.9819636346102
24.375,0.6393334300000001,0.13933343000000006,69.98196522901054
24.375,0.5674286728571428,0.1388572442857143,70.74786719646333
24.375,0.5516667638888889,0.13500009722222225,72.76923554088923
24.437,0.608888980952381,0.1326985047619048,73.48106349046107
24.437,0.53675685,0.13135144459459455,74.79060392477302
24.437,0.6095239063492063,0.1333334301587301,73.1478139460838
24.5,0.5674286714285715,0.13885724285714288,70.74786788697564
24.5,0.5600000985915493,0.13746488732394369,71.47953397936071
24.562,0.6095239047619047,0.13333342857142852,73.14781477527754
24.5,0.6088889825396825,0.13269850634920638,73.48106265340088
24.562,0.6288525590163934,0.13704928032786887,71.14832888470023
24.5,0.6386667666666667,0.1386667666666667,70.30236003144756
24.437,0.5600001014084507,0.13746489014084506,71.47953258991384
24.437,0.6393334333333334,0.13933343333333337,69.9819636346102
24.5,0.6187097741935484,0.13483880645161292,72.31469575576388
24.5,0.5600001,0.13746488873239437,71.47953328463727
24.5,0.5441096876712328,0.13315078356164384,73.77991792763467
24.437,0.5441096863013698,0.13315078219178084,73.77991864774035
24.437,0.5446576301369863,0.13369872602739727,73.49304197877935
24.437,0.5522223194444444,0.13555565277777779,72.48628797907003
24.437,0.5452055753424657,0.13424667123287673,73.20847541744615
24.437,0.6393334333333334,0.13933343333333337,69.9819636346102
24.437,0.5372973918918919,0.1318919864864865,74.49979597848863
24.437,0.6193549387096774,0.13548397096774187,71.98673671820926
24.437,0.6193549322580645,0.135483964516129,71.98673998233708
24.437,0.5674286742857143,0.13885724571428573,70.74786650595102
24.437,0.5680001028571429,0.1394286742857143,70.4727786097742
24.437,0.5600001042253521,0.13746489295774647,71.479531200467
24.375,0.5680001,0.13942867142857146,70.4727799796514
24.375,0.6295082950819672,0.13770501639344257,70.82566192526873
24.25,-0.53999985,14.46000015,0.0
24.312,0.5762319855072464,0.14144937681159422,69.46602597994212
24.312,0.6508475593220339,0.14237298305084742,68.50350907525991
24.375,0.662069070689655,0.14482769137931029,67.34243188687078
24.375,0.5762319855072464,0.14144937681159422,69.46602597994212
24.375,0.5527778722222222,0.13611120555555553,72.20562098750032
24.375,-1.0799999,28.920000099999996,0.0
24.375,0.5367568527027027,0.1313514472972973,74.79060246483267
24.437,0.6393334333333334,0.13933343333333337,69.9819636346102
24.375,0.6508475610169491,0.14237298474576265,68.50350829871338
24.437,0.5594367183098591,0.13690150704225354,71.75855171393243
24.437,0.5674286728571428,0.1388572442857143,70.74786719646333
24.5,0.6508475559322033,0.14237297966101692,68.50351062835304
24.5,0.6095239095238094,0.13333343333333333,73.1478122876963
24.437,0.6193549338709677,0.1354839661290322,71.9867391663051
24.437,0.6508475576271185,0.14237298135593215,68.50350985180647
24.437,0.650169593220339,0.14169501694915257,68.81559757403336
24.437,0.5847059867647059,0.14352951617647058,68.45927131486386
24.437,0.6295082983606556,0.13770501967213108,70.82566031952845
24.437,0.5600001014084507,0.13746489014084506,71.47953258991384
24.437,0.6400001016666667,0.14000010166666663,69.66458471055597
24.437,0.6508475593220339,0.14237298305084742,68.50350907525991
24.437,0.6400001,0.14000009999999996,69.66458550026432
24.437,0.6400000983333333,0.1400000983333333,69.66458628997269
24.437,0.6400000983333333,0.1400000983333333,69.66458628997269
24.437,0.6400001033333332,0.14000010333333326,69.66458392084766
24.437,0.662069070689655,0.14482769137931029,67.34243188687078
24.437,0.5372973945945946,0.13189198918918918,74.49979453033274
24.437,0.5680000985714285,0.13942866999999998,70.47278066459006
24.437,0.5306667613333333,0.13066676133333335,75.2141863447549
24.437,0.5605634830985915,0.1380282718309859,71.20276169475672
24.375,0.6295082967213114,0.1377050180327868,70.8256611223986
24.375,0.5383784743243243,0.13297306891891894,73.92517980958134
24.437,0.6406667699999999,0.14066676999999994,69.35018125304262
24.437,0.6200000967741935,0.13612912903225802,71.6618555782773
24.437,0.5685715314285714,0.14000010285714287,70.19990657567178
24.437,0.5452055808219177,0.13424667671232873,73.2084725832408
24.437,0.5858824529411764,0.14470598235294113,67.93124827571773
24.437,0.5685715285714286,0.14000010000000002,70.19990793453739
24.375,0.6301640344262294,0.13836075573770487,70.50601840262124
24.437,0.5611268605633802,0.13859164929577467,70.92821306054427
24.437,0.6508475610169491,0.14237298474576265,68.50350829871338
24.437,0.5691429571428571,0.1405715285714286,69.92922481819235
24.437,0.6012500953125,0.13250009531249995,73.6412936623364
24.5,0.610793746031746,0.1346032698412698,72.4906492626552
24.5,0.56857153,0.14000010142857144,70.19990725510459
24.5,0.6406667716666666,0.14066677166666666,69.35018047072008
24.5,0.6006250953125,0.13187509531249994,73.97352750438951
24.562,0.6515255237288134,0.1430509474576271,68.19434720667677
24.562,0.577391404347826,0.14260879565217388,68.93023655658354
24.5,0.641333435,0.14133343499999995,69.03871280844037
24.5,0.5616902394366197,0.1391550281690141,70.65585704917275
24.562,0.6206452580645161,0.1367742903225806,71.34000403626386
24.562,0.630819775409836,0.13901649672131147,70.18935644599817
24.5,0.6406667699999999,0.14066676999999994,69.35018125304262
24.5,0.552777875,0.13611120833333334,72.2056195898099
24.5,0.5611268605633802,0.13859164929577467,70.92821306054427
24.562,0.6308197704918032,0.13901649180327863,70.1893588098725
24.562,0.6206452629032257,0.13677429516129033,71.34000163363748
24.625,0.6413334333333333,0.14133343333333329,69.03871358348115
24.562,0.6413334333333333,0.14133343333333329,69.03871358348115
24.625,0.5611268605633802,0.13859164929577467,70.92821306054427
24.625,0.5691429628571428,0.14057153428571428,69.92922212221727
24.625,0.5533334305555556,0.1366667638888889,71.92720267014072
24.687,0.5527778736111111,0.13611120694444442,72.2056202886551
24.687,0.641333435,0.14133343499999995,69.03871280844037
24.625,0.6420001,0.14200009999999996,68.73013658261934
24.625,0.6301640311475409,0.13836075245901636,70.50601999334377
24.625,0.5611268605633802,0.13859164929577467,70.92821306054427
24.625,0.5533334277777777,0.1366667611111111,71.9272040566423
24.625,0.6406667683333332,0.14066676833333328,69.35018203536515
24.625,0.5611268605633802,0.13859164929577467,70.92821306054427
24.625,0.5538889888888889,0.13722232222222222,71.65100858991048
24.687,0.5538889916666666,0.13722232499999998,71.6510072144627
24.687,0.5457535232876712,0.1347946191780822,72.92619019035642
24.687,0.56914296,0.14057153142857143,69.92922347020479
24.687,0.652881454237288,0.14440687796610166,67.58463581636917
24.687,0.5779711173913044,0.1431885086956522,68.66555055773293
24.75,0.5773914072463768,0.14260879855072464,68.93023522785288
24.75,0.6308197721311475,0.1390164934426229,70.18935802191439
24.75,0.6308197704918032,0.13901649180327863,70.1893588098725
24.75,0.5830303969696968,0.12848494242424235,75.94258323673961
24.75,0.6206452612903225,0.13677429354838705,71.34000243451295
24.75,0.6107937476190475,0.13460327142857137,72.49064844886239
24.75,0.6206452532258064,0.13677428548387097,71.34000643889034
24.75,0.561690242253521,0.1391550309859155,70.65585569282837
24.75,0.6206452596774192,0.13677429193548382,71.34000323538838
24.812,0.5611268619718309,0.13859165070422536,70.92821237692199
24.812,0.5691429571428571,0.1405715285714286,69.92922481819235
24.812,0.5538889861111111,0.13722231944444446,71.6510099653583
24.812,0.5616902408450704,0.13915502957746478,70.65585637100055
24.812,0.5533334319444444,0.1366667652777778,71.92720197688996
24.812,0.6420001066666666,0.14200010666666665,68.73013351117518
24.75,0.6522034932203389,0.1437289169491525,67.88806759496637
24.75,0.641333435,0.14133343499999995,69.03871280844037
24.75,0.6314755114754097,0.13967223278688518,69.87563729767886
24.75,0.561690242253521,0.1391550309859155,70.65585569282837
24.812,0.5463014671232876,0.13534256301369862,72.64616218426818
24.75,0.577971115942029,0.14318850724637683,68.66555121680169
24.687,0.6314755114754097,0.13967223278688518,69.87563729767886
24.75,0.6420001,0.14200009999999996,68.73013658261934
24.75,0.6212904177419354,0.13741944999999997,71.02114192882976
24.812,0.5611268563380281,0.13859164507042251,70.92821511141115
24.812,0.5383784716216216,0.13297306621621618,73.92518123459682
24.812,0.5538889902777777,0.1372223236111111,71.65100790218656
24.687,-0.26999995,7.23000005,0.0
24.687,0.5616902408450704,0.13915502957746478,70.65585637100055
24.687,0.5616902436619717,0.1391550323943662,70.6558550146562
24.687,0.561690242253521,0.1391550309859155,70.65585569282837
24.125,-1.0799994,28.920000599999998,0.0
24.187,0.5600001028169014,0.13746489154929575,71.4795318951904
24.187,0.5372973918918919,0.1318919864864865,74.49979597848863
24.187,0.64133343,0.14133342999999998,69.03871513356275
24.187,0.6634483793103447,0.14620699999999995,66.73742313069845
24.25,0.5533334319444444,0.1366667652777778,71.92720197688996
24.25,0.5685715285714286,0.14000010000000002,70.19990793453739
24.25,0.5605634830985915,0.1380282718309859,71.20276169475672
24.25,0.6420001016666667,0.14200010166666663,68.73013581475827
24.312,0.6420001016666667,0.14200010166666663,68.73013581475827
24.312,0.6206452564516128,0.1367742887096774,71.34000483713933
24.312,0.6420001016666667,0.14200010166666663,68.73013581475827
24.312,0.641333435,0.14133343499999995,69.03871280844037
24.312,0.6314755049180327,0.13967222622950817,69.87564042031387
24.312,0.6522034915254237,0.14372891525423723,67.88806835708981
24.312,0.5773914072463768,0.14260879855072464,68.93023522785288
24.375,0.5533334333333333,0.13666676666666666,71.92720128363922
24.375,0.5616902366197183,0.13915502535211263,70.65585840551722
24.312,0.5538889916666666,0.13722232499999998,71.6510072144627
24.375,0.6321312475409835,0.14032796885245896,69.56481745273912
24.375,0.5779711144927535,0.1431885057971014,68.66555187587049
24.375,0.6528814627118644,0.14440688644067795,67.58463204105225
24.312,0.5611268605633802,0.13859164929577467,70.92821306054427
24.375,0.6426667699999999,0.14266676999999994,68.42440984847009
24.375,0.6212904193548386,0.1374194516129032,71.02114113537331
24.375,0.5533334305555556,0.1366667638888889,71.92720267014072
24.375,0.6219355838709677,0.1380646161290322,70.70522351008577
24.375,0.5533334333333333,0.13666676666666666,71.92720128363922
24.375,-0.35999989999999993,9.6400001,0.0
24.375,0.594626971641791,0.1468657776119403,66.93225739516149
24.375,0.6314755114754097,0.13967223278688518,69.87563729767886
24.375,0.5611268591549295,0.13859164788732395,70.92821374416654
24.437,0.6426667699999999,0.14266676999999994,68.42440984847009
24.437,0.5463014698630136,0.13534256575342465,72.64616078971694
24.437,0.6535594254237287,0.14508484915254233,67.28400376576407
24.437,0.6321312475409835,0.14032796885245896,69.56481745273912
24.5,0.6641380379310343,0.14689665862068957,66.43913054533401
24.5,0.6420001066666666,0.14200010666666665,68.73013351117518
24.5,0.6212904209677419,0.1374194532258064,71.0211403419169
24.5,0.561690242253521,0.1391550309859155,70.65585569282837
24.562,0.6212904209677419,0.1374194532258064,71.0211403419169
24.562,0.5616902408450704,0.13915502957746478,70.65585637100055
24.562,0.6426667716666666,0.14266677166666666,68.42440908768859
24.562,0.5616902394366197,0.1391550281690141,70.65585704917275
24.562,0.6321312491803277,0.1403279704918032,69.56481667927794
24.562,0.561690238028169,0.13915502676056335,70.655857727345
24.625,0.6542373898305084,0.145762813559322,66.98613994849384
24.625,0.6321312475409835,0.14032796885245896,69.56481745273912
24.625,0.6327869852459015,0.140983706557377,69.25685579055376
24.625,0.6219355822580644,0.13806461451612898,70.70522429622665
24.625,0.6025000921874999,0.13375009218749997,72.98603960620228
24.625,0.6219355822580644,0.13806461451612898,70.70522429622665
24.625,0.6420000983333333,0.1420000983333333,68.73013735048042
24.625,0.6212904209677419,0.1374194532258064,71.0211403419169
24.625,0.6321312475409835,0.14032796885245896,69.56481745273912
24.625,0.6212904177419354,0.13741944999999997,71.02114192882976
24.625,0.6212904177419354,0.13741944999999997,71.02114192882976
24.625,0.6420001,0.14200009999999996,68.73013658261934
24.687,0.6114286682539681,0.135238192063492,72.16664260549621
24.687,0.6212904193548386,0.1374194516129032,71.02114113537331
24.687,0.6321312475409835,0.14032796885245896,69.56481745273912
24.687,0.6528814593220338,0.1444068830508474,67.58463355117897
24.625,0.6212904161290322,0.13741944838709674,71.02114272228623
24.625,0.6314755098360655,0.13967223114754093,69.87563807833759
24.625,0.6212904177419354,0.13741944999999997,71.02114192882976
24.625,0.6212904209677419,0.1374194532258064,71.0211403419169
24.625,0.6420000983333333,0.1420000983333333,68.73013735048042
24.625,0.631475513114754,0.1396722344262295,69.87563651702013
24.687,0.6522034949152541,0.14372891864406773,67.88806683284297
24.687,0.6114286666666665,0.13523819047619043,72.16664341175031
24.687,0.6314755049180327,0.13967222622950817,69.87564042031387
24.562,-0.26999999999999996,7.2299999999999995,0.0
24.562,0.5685715314285714,0.14000010285714287,70.19990657567178
24.562,0.6321312491803277,0.1403279704918032,69.56481667927794
24.562,0.5611268605633802,0.13859164929577467,70.92821306054427
24.562,0.5538889916666666,0.13722232499999998,71.6510072144627
24.562,0.6426667666666667,0.14266676666666664,68.4244113700331
24.562,0.6641380344827585,0.14689665517241374,66.43913202986536
24.562,0.5533334305555556,0.1366667638888889,71.92720267014072
24.625,0.5616902436619717,0.1391550323943662,70.6558550146562
24.625,0.6219355838709677,0.1380646161290322,70.70522351008577
24.625,0.6535594220338983,0.14508484576271183,67.28400526196772
24.625,0.5372973918918919,0.1318919864864865,74.49979597848863
24.625,0.5527778736111111,0.13611120694444442,72.2056202886551
24.687,0.5680001028571429,0.1394286742857143,70.4727786097742
24.687,0.56914296,0.14057153142857143,69.92922347020479
24.687,0.5383784743243243,0.13297306891891894,73.92517980958134
24.687,0.6219355806451612,0.13806461290322578,70.70522508236753
24.687,0.6327869836065573,0.14098370491803275,69.25685655691738
24.687,0.653559427118644,0.14508485084745756,67.28400301766226
24.687,0.5452055753424657,0.13424667123287673,73.20847541744615
24.687,0.5533334333333333,0.13666676666666666,71.92720128363922
24.687,0.6225807403225806,0.13870977258064512,70.39221564005611
24.687,0.5457535219178081,0.1347946178082192,72.92619089323564
24.687,0.5616902408450704,0.13915502957746478,70.65585637100055
24.687,0.6321312442622951,0.14032796557377045,69.56481899966155
24.75,0.6126985079365078,0.13650803174603168,71.52757316534091
24.75,0.6334427213114753,0.14163944262295078,68.95171424347035
24.75,0.6327869852459015,0.140983706557377,69.25685579055376
24.75,0.6327869885245901,0.14098370983606556,69.25685425782655
24.75,0.643333435,0.14333343499999995,68.12149749890534
24.75,0.622580743548387,0.13870977580645155,70.39221408220219
24.75,0.6535594254237287,0.14508484915254233,67.28400376576407
24.75,0.6426667666666667,0.14266676666666664,68.4244113700331
24.75,0.6219355838709677,0.1380646161290322,70.70522351008577
24.75,0.6219355806451612,0.13806461290322578,70.70522508236753
24.687,0.6535594220338983,0.14508484576271183,67.28400526196772
24.687,0.6120635873015872,0.13587311111111106,71.84563193853477
24.687,0.6426667666666667,0.14266676666666664,68.4244113700331
24.687,0.6025001,0.13375009999999998,72.98603554870094
24.687,0.6219355838709677,0.1380646161290322,70.70522351008577
24.687,0.6120635904761903,0.13587311428571422,71.8456303408936
24.687,0.6426667683333332,0.14266676833333328,68.4244106092516
24.687,0.6219355806451612,0.13806461290322578,70.70522508236753
24.687,0.6535594254237287,0.14508484915254233,67.28400376576407
24.75,0.6321312459016393,0.14032796721311472,69.56481822620032
24.75,0.6219355870967742,0.1380646193548387,70.70522193780403
23.937,-0.3800000499999999,14.619999949999999,0.0
24.0,0.687857244642857,0.1521429589285714,64.14812962712246
23.937,0.7003637363636364,0.15490919090909092,63.00262872009783
24.0,0.687857244642857,0.1521429589285714,64.14812962712246
24.0,0.6641380275862068,0.14689664827586205,66.43913499892832
24.0,0.6757895736842104,0.14947378421052632,65.29363194189249
24.0,0.687857244642857,0.1521429589285714,64.14812962712246
24.0,0.699636469090909,0.15418192363636363,63.2854888724325
24.0,0.7133334388888888,0.1577778833333333,61.85712499758237
24.0,0.6750878192982456,0.1487720298245614,65.58678011317338
24.0,0.7003637381818182,0.15490919272727274,63.0026280162251
24.0,0.6878572392857142,0.1521429535714285,64.1481317771337
24.0,0.6641380327586206,0.14689665344827582,66.43913277213109
24.0,0.7133334333333332,0.15777787777777771,61.85712707080749
24.0,0.7133334388888888,0.1577778833333333,61.85712499758237
23.937,-0.27999989999999997,9.7200001,0.0
23.937,0.713333437037037,0.15777788148148147,61.857125688657376
23.937,0.6878572374999999,0.15214295178571421,64.14813249380414
23.937,0.7133334425925926,0.157777887037037,61.857123615432386
23.937,0.726792554716981,0.16075481886792445,60.711624717644405
23.937,0.7267925584905659,0.16075482264150942,60.711623361089664
23.937,-0.16799996,5.83200004,0.0
23.875,0.7267925528301885,0.160754816981132,60.711625395921786
23.875,0.7003637418181818,0.15490919636363634,63.00262660847973
23.875,0.6878572374999999,0.15214295178571421,64.14813249380414
23.875,0.6641380293103447,0.14689664999999996,66.43913425666254
23.937,0.7267925528301885,0.160754816981132,60.711625395921786
23.937,0.6757895701754386,0.1494737807017544,65.29363340082865
23.937,0.6878572428571428,0.15214295714285714,64.14813034379284
23.937,0.6878572374999999,0.15214295178571421,64.14813249380414
23.937,0.6871429589285714,0.1514286732142857,64.43613484803001
23.937,0.687857244642857,0.1521429589285714,64.14812962712246
23.937,0.6878572374999999,0.15214295178571421,64.14813249380414
23.937,0.6641380293103447,0.14689664999999996,66.43913425666254
23.937,0.6757895719298246,0.14947378245614035,65.29363267136057
23.937,0.6757895736842104,0.14947378421052632,65.29363194189249
23.937,83.99998,-2916.00002,0.02932596554766064
24.0,0.7407693403846154,0.16384626346153844,59.566120368042284
24.0,0.6757895701754386,0.1494737807017544,65.29363340082865
24.0,0.6757895736842104,0.14947378421052632,65.29363194189249
24.0,0.70036374,0.15490919454545454,63.0026273123524
24.0,-0.4199999,14.580000099999998,0.0
24.0,0.7125926925925925,0.15703713703703698,62.13484641035356
24.0,0.6878572428571428,0.15214295714285714,64.14813034379284
24.062,0.6641380224137929,0.14689664310344822,66.43913722572573
24.062,0.6878572464285714,0.15214296071428568,64.14812891045209
24.062,0.6634483758620688,0.1462069965517241,66.73742462911066
24.062,0.6641380293103447,0.14689664999999996,66.43913425666254
24.062,0.7133334388888888,0.1577778833333333,61.85712499758237
24.062,0.7133334388888888,0.1577778833333333,61.85712499758237
24.062,0.6878572392857142,0.1521429535714285,64.1481317771337
24.062,0.6750878192982456,0.1487720298245614,65.58678011317338
24.062,0.6757895736842104,0.14947378421052632,65.29363194189249
24.125,0.6878572428571428,0.15214295714285714,64.14813034379284
24.125,0.6871429571428571,0.15142867142857142,64.43613557140144
24.125,0.6878572410714285,0.15214295535714287,64.14813106046326
24.062,-0.8399999,29.160000099999998,0.0
24.062,0.7133334333333332,0.15777787777777771,61.85712707080749
24.125,0.8399998,-29.160000199999995,2.932596554766064
24.125,0.6878572428571428,0.15214295714285714,64.14813034379284
24.125,0.6750878157894736,0.14877202631578948,65.58678158575101
24.125,0.6528814525423728,0.14440687627118642,67.58463657143258
24.125,84.0,-2916.0,0.029325957796111905
24.125,0.6750878210526315,0.14877203157894733,65.5867793768846
24.125,0.6878572374999999,0.15214295178571421,64.14813249380414
24.125,0.6757895684210525,0.14947377894736835,65.29363413029681
24.125,0.687857244642857,0.1521429589285714,64.14812962712246
24.125,0.7003637345454545,0.15490918909090903,63.0026294239706
24.125,0.7125926925925925,0.15703713703703698,62.13484641035356
24.125,0.7003637381818182,0.15490919272727274,63.0026280162251
24.125,0.7133334314814814,0.15777787592592588,61.85712776188256
24.125,0.6871429607142856,0.15142867499999996,64.43613412465857
24.125,0.6757895736842104,0.14947378421052632,65.29363194189249
24.125,0.6878572374999999,0.15214295178571421,64.14813249380414
24.125,0.6878572428571428,0.15214295714285714,64.14813034379284
24.125,0.6750878105263157,0.14877202105263154,65.58678379461759
24.125,0.6528814525423728,0.14440687627118642,67.58463657143258
24.125,0.7267925603773584,0.16075482452830187,60.711622682812326
24.125,0.713333437037037,0.15777788148148147,61.857125688657376
24.125,0.6878572392857142,0.1521429535714285,64.1481317771337
24.125,0.7003637345454545,0.15490918909090903,63.0026294239706
24.125,0.6878572410714285,0.15214295535714287,64.14813106046326
24.125,0.7125926925925925,0.15703713703703698,62.13484641035356
24.125,0.7133334333333332,0.15777787777777771,61.85712707080749
24.187,0.6878572374999999,0.15214295178571421,64.14813249380414
24.187,0.6757895719298246,0.14947378245614035,65.29363267136057
24.187,0.6871429535714284,0.1514286678571428,64.43613701814444
24.062,-0.19999994999999998,7.3000000499999995,0.0
24.062,0.7267925584905659,0.16075482264150942,60.711623361089664
24.125,-0.41999985,14.58000015,0.0
24.125,0.7133334333333332,0.15777787777777771,61.85712707080749
24.062,-0.7999995999999999,29.2000004,0.0
24.125,0.6757895719298246,0.14947378245614035,65.29363267136057
24.125,0.713333437037037,0.15777788148148147,61.857125688657376
24.125,0.6878572410714285,0.15214295535714287,64.14813106046326
24.062,-0.41999985,14.58000015,0.0
24.125,0.7125926962962963,0.15703714074074074,62.13484501527996
24.125,0.6750878140350877,0.14877202456140345,65.58678232203987
24.125,0.7003637381818182,0.15490919272727274,63.0026280162251
24.125,0.7125926944444444,0.1570371388888889,62.134845712816734
24.125,0.7133334296296295,0.15777787407407404,61.857128452957646
24.062,-0.2799999333333333,9.720000066666664,0.0
24.062,0.687857244642857,0.1521429589285714,64.14812962712246
24.125,0.6871429499999999,0.15142866428571425,64.43613846488745
24.062,0.7003637418181818,0.15490919636363634,63.00262660847973
24.125,0.7267925566037735,0.16075482075471698,60.71162403936701
24.062,0.6757895736842104,0.14947378421052632,65.29363194189249
24.062,0.6757895719298246,0.14947378245614035,65.29363267136057
24.125,0.7125927,0.15703714444444442,62.13484362020647
24.125,0.6871429607142856,0.15142867499999996,64.43613412465857
24.125,0.6871429589285714,0.1514286732142857,64.43613484803001
24.125,0.6871429535714284,0.1514286678571428,64.43613701814444
24.125,0.6878572428571428,0.15214295714285714,64.14813034379284
23.937,-0.8399999,29.160000099999998,0.0
23.937,0.6757895684210525,0.14947377894736835,65.29363413029681
23.937,0.6750878175438596,0.14877202807017545,65.58678084946217
23.937,0.6878572428571428,0.15214295714285714,64.14813034379284
23.937,0.6757895719298246,0.14947378245614035,65.29363267136057
23.937,0.687857244642857,0.1521429589285714,64.14812962712246
23.937,0.6871429517857142,0.15142866607142852,64.43613774151594
24.0,0.7125926944444444,0.1570371388888889,62.134845712816734
23.937,0.6757895719298246,0.14947378245614035,65.29363267136057
23.937,0.7267925584905659,0.16075482264150942,60.711623361089664
23.937,0.6522034864406779,0.14372891016949152,67.88807064346017
23.937,0.7003637309090909,0.15490918545454543,63.00263083171611
23.937,0.6878572428571428,0.15214295714285714,64.14813034379284
23.937,0.6757895666666666,0.1494737771929824,65.29363485976492
24.312,-0.22666659999999997,9.773333399999999,0.0
24.25,0.7407693346153845,0.16384625769230762,59.56612236448129
24.312,0.7696001079999999,0.16960010799999994,57.53226519477182
24.312,0.7400001076923076,0.16307703076923077,59.83355445915849
24.312,0.7125926944444444,0.1570371388888889,62.134845712816734
24.312,0.7853062326530611,0.17306133469387747,56.38161989087638
24.312,0.7125926907407406,0.15703713518518514,62.13484710789036
24.312,0.7133334314814814,0.15777787592592588,61.85712776188256
24.312,0.6871429535714284,0.1514286678571428,64.43613701814444
24.312,0.7133334277777778,0.1577778722222222,61.85712914403274
24.375,0.7400000999999999,0.16307702307692304,59.83355714596692
24.375,0.7545099058823528,0.16627461176470582,58.682911816236796
24.375,0.6996364599999999,0.1541819145454545,63.28549242470316
24.312,0.7400001038461538,0.16307702692307685,59.833555802562685
24.312,0.7125926925925925,0.15703713703703698,62.13484641035356
24.375,0.7260378396226415,0.1600001037735849,60.98420042183865
24.312,0.6871429517857142,0.15142866607142852,64.43613774151594
24.375,0.7125926851851851,0.1570371296296296,62.13484920050089
24.375,0.7696001,0.16960009999999998,57.53226777824156
24.437,0.7545099058823528,0.16627461176470582,58.682911816236796
24.375,0.7545099039215685,0.16627460980392153,58.68291247502159
24.375,0.7260378320754716,0.16000009622641506,60.98420316031654
24.437,0.7407693288461538,0.1638462519230769,59.566124360920426
24.375,0.7696001,0.16960009999999998,57.53226777824156
24.437,0.7400000999999999,0.16307702307692304,59.83355714596692
24.437,0.7545099078431371,0.16627461372549013,58.682911157452025
24.437,0.7407693307692307,0.1638462538461538,59.566123695440695
26.25,-0.16799998000000002,5.83200002,0.0
26.25,0.6871429517857142,0.15142866607142852,64.43613774151594
26.25,0.6634483758620688,0.1462069965517241,66.73742462911066
26.312,0.7125927,0.15703714444444442,62.13484362020647
26.25,0.6750878140350877,0.14877202456140345,65.58678232203987
26.312,0.6750878175438596,0.14877202807017545,65.58678084946217
26.312,0.6996364599999999,0.1541819145454545,63.28549242470316
26.312,0.6871429589285714,0.1514286732142857,64.43613484803001
26.312,0.6757895701754386,0.1494737807017544,65.29363340082865
26.312,0.7125926944444444,0.1570371388888889,62.134845712816734
26.375,0.6871429571428571,0.15142867142857142,64.43613557140144
26.312,0.6750878175438596,0.14877202807017545,65.58678084946217
26.375,0.6871429571428571,0.15142867142857142,64.43613557140144
26.375,0.6522034898305084,0.143728913559322,67.88806911921324
26.375,0.6757895684210525,0.14947377894736835,65.29363413029681
26.375,0.7125926925925925,0.15703713703703698,62.13484641035356
26.375,0.6878572410714285,0.15214295535714287,64.14813106046326
26.375,0.7125926962962963,0.15703714074074074,62.13484501527996
26.375,0.6750878175438596,0.14877202807017545,65.58678084946217
26.375,0.6641380310344827,0.1468966517241379,66.4391335143968
26.437,0.6871429589285714,0.1514286732142857,64.43613484803001
26.437,0.6878572428571428,0.15214295714285714,64.14813034379284
26.437,0.6757895701754386,0.1494737807017544,65.29363340082865
26.437,0.6641380241379309,0.14689664482758613,66.4391364834599
26.437,0.6996364618181817,0.15418191636363632,63.285491714248984
26.437,0.7125926981481481,0.15703714259259258,62.13484431774321
26.437,0.6522034847457627,0.14372890847457626,67.88807140558367
26.437,0.6996364654545455,0.15418192,63.28549029334069
26.437,0.6750878245614035,0.14877203508771925,65.5867779043071
26.5,0.6750878122807017,0.14877202280701748,65.5867830583287
26.5,0.6522034813559321,0.1437289050847457,67.88807292983073
26.5,0.6871429589285714,0.1514286732142857,64.43613484803001
26.5,0.6634483724137931,0.14620699310344826,66.73742612752292
26.5,0.6871429571428571,0.15142867142857142,64.43613557140144
26.562,0.6634483758620688,0.1462069965517241,66.73742462911066
26.562,0.6750878157894736,0.14877202631578948,65.58678158575101
26.562,0.6522034796610169,0.14372890338983046,67.88807369195428
26.562,0.6750878175438596,0.14877202807017545,65.58678084946217
26.562,0.7003637418181818,0.15490919636363634,63.00262660847973
26.562,0.6871429571428571,0.15142867142857142,64.43613557140144
26.562,0.6634483724137931,0.14620699310344826,66.73742612752292
26.625,0.6750878140350877,0.14877202456140345,65.58678232203987
26.562,0.7125926944444444,0.1570371388888889,62.134845712816734
26.625,0.7125926981481481,0.15703714259259258,62.13484431774321
26.625,0.6750878122807017,0.14877202280701748,65.5867830583287
25.562,-0.9199999999999999,29.08,0.0
25.562,0.5653334333333333,0.16533343333333334,60.20589565229353
25.562,0.600000096923077,0.1384616353846154,70.67536888907111
25.562,0.5415385602564102,0.15692317564102562,63.38603823319643
25.562,0.6616950152542372,0.15322043898305082,63.881663515383316
25.562,0.6400001049180327,0.1481968262295082,66.04714016261094
25.562,0.5648000999999999,0.16480009999999995,60.389680304298174
25.562,0.6196826380952379,0.14349216190476183,68.2126216022512
25.5,0.6296775225806451,0.1458065548387097,67.12988016527669
25.5,0.6400001032786885,0.14819682459016392,66.04714085699848
25.5,0.6100000999999999,0.1412501,69.2953601706082
25.5,0.6100000968749999,0.14125009687499995,69.29536162768375
25.5,0.6190477206349205,0.14285724444444442,68.50074143055686
25.5,0.6196826396825397,0.14349216349206348,68.21262088509681
25.5,0.6296775161290322,0.14580654838709675,67.1298829883606
25.562,0.6196826380952379,0.14349216190476183,68.2126216022512
25.562,0.6610170559322034,0.15254247966101694,64.15148868392609
25.562,0.6296775209677419,0.14580655322580646,67.12988087104765
25.562,0.6296775225806451,0.1458065548387097,67.12988016527669
25.562,0.6296775241935484,0.1458065564516129,67.12987945950576
25.625,0.6393443622950818,0.14754108360655732,66.32611681997201
25.625,0.6093750984374999,0.1406250984375,69.58805552154695
25.625,0.6296775193548386,0.14580655161290318,67.12988157681863
25.625,0.6196826365079364,0.14349216031746026,68.21262231940558
25.625,0.6100000968749999,0.14125009687499995,69.29536162768375
25.625,0.6093750968749999,0.14062509687499994,69.58805625649651
25.625,0.6190477158730158,0.14285723968253963,68.5007436009547
25.562,-0.3466666,9.653333399999998,0.0
25.562,0.5490910077922078,0.15948061818181813,62.38106526171985
25.562,0.6196826396825397,0.14349216349206348,68.21262088509681
25.625,0.6296775161290322,0.14580654838709675,67.1298829883606
25.625,0.650666775,0.150666775,64.96439947694105
25.687,0.6400001016393442,0.14819682295081962,66.04714155138608
25.687,0.6296775161290322,0.14580654838709675,67.1298829883606
25.687,0.6196826428571428,0.14349216666666664,68.21261945078811
25.375,-0.52,14.479999999999999,0.0
25.437,0.5557895789473684,0.16105273684210522,61.760753773248176
25.437,0.5415385628205127,0.15692317820512816,63.38603725591949
25.437,0.5415385615384615,0.1569231769230769,63.386037744557946
25.437,0.6400001049180327,0.1481968262295082,66.04714016261094
25.437,0.5415385602564102,0.15692317564102562,63.38603823319643
25.437,0.549091009090909,0.15948061948051942,62.38106478242905
25.437,0.5490910077922078,0.15948061818181813,62.38106526171985
25.5,0.5415385589743589,0.15692317435897435,63.3860387218349
25.5,0.6100000999999999,0.1412501,69.2953601706082
25.5,0.6203175603174602,0.14412708412698413,67.92700759931917
25.437,0.6303226806451612,0.14645171290322576,66.84880182912998
25.5,0.60061548,0.13907701846153842,70.3781016531163
25.5,0.6296775209677419,0.14580655322580646,67.12988087104765
25.437,0.6190477206349205,0.14285724444444442,68.50074143055686
25.0,-0.9199997,29.080000300000002,0.0
25.0,0.5658667679999999,0.16586676799999994,60.02327173204739
25.0,-0.3466665666666667,9.653333433333332,0.0
25.0,0.5506494441558442,0.16103905454545459,61.81138761367827
25.062,0.5435898461538461,0.1589744615384615,62.614129096756834
25.062,0.5394872769230769,0.1548718923076923,64.17803542523677
25.0,0.5691892891891891,0.16378388378378372,60.69718186737033
25.0,0.5536843131578947,0.15894747105263154,62.53244379614018
25.0,0.5547369434210526,0.16000010131578946,62.14410496442208
25.0,0.5480520493506492,0.15844165974025967,62.76696743411141
25.062,0.5702703756756756,0.1648649702702702,60.32150117044473
25.125,0.630322679032258,0.14645171129032253,66.84880252877124
25.062,0.6106250999999999,0.1418751,69.00521334693931
25.062,0.640655844262295,0.14885256557377047,65.77059328294487
25.0,0.6303226822580645,0.14645171451612904,66.8488011294887
24.937,0.6203175619047618,0.1441270857142857,67.92700688839341
25.062,0.5425641999999999,0.1579488153846154,62.99762240748775
25.062,0.6406558393442622,0.14885256065573765,65.77059534801496
25.125,0.6203175634920635,0.14412708730158727,67.92700617746766
25.125,0.6209524793650792,0.1447620031746031,67.64387009494806
25.125,0.6203175603174602,0.14412708412698413,67.92700759931917
25.125,0.6196826396825397,0.14349216349206348,68.21262088509681
25.125,0.60061548,0.13907701846153842,70.3781016531163
25.187,0.6296775193548386,0.14580655161290318,67.12988157681863
25.125,0.6406558409836065,0.14885256229508198,65.77059465965823
25.125,0.6296775177419355,0.14580654999999995,67.12988228258962
25.125,0.6296775193548386,0.14580655161290318,67.12988157681863
25.125,0.6196826412698412,0.14349216507936507,68.21262016794245
25.062,-0.3466665333333333,9.653333466666666,0.0
25.062,0.5563158894736842,0.161579047368421,61.57092155702218
25.0,-0.51999995,14.48000005,0.0
25.062,0.5536843131578947,0.15894747105263154,62.53244379614018
25.062,0.6303226822580645,0.14645171451612904,66.8488011294887
25.062,0.6196826412698412,0.14349216507936507,68.21262016794245
25.062,0.5475325701298701,0.15792218051948048,62.96178957879699
25.125,0.6209524809523809,0.14476200476190476,67.64386939016927
25.125,0.543077023076923,0.15846163846153838,62.80526607839207
25.125,0.6203175619047618,0.1441270857142857,67.92700688839341
25.125,0.5430770192307691,0.15846163461538457,62.80526751647011
25.062,0.6406558360655736,0.14885255737704914,65.77059672472845
25.062,0.6303226838709677,0.14645171612903227,66.84880042984747
25.062,-0.49999985,14.50000015,0.0
25.062,0.565333432,0.16533343200000003,60.20589611029901
25.062,0.5563158881578947,0.16157904605263151,61.57092203008844
25.062,0.5578948368421053,0.1631579947368421,61.00864046354522
25.062,0.5718919945945946,0.16648658918918918,59.766975104539654
25.125,0.5496104896103896,0.16000009999999998,62.1899601055132
25.062,0.5490910077922078,0.15948061818181813,62.38106526171985
25.062,0.5632001,0.16320010000000001,60.948114625455176
25.062,0.6309678387096773,0.1470968709677419,66.5701592584023
25.062,0.562133436,0.162133436,61.32641937278495
25.062,0.6203175603174602,0.14412708412698413,67.92700759931917
25.062,103.99998000000001,-2896.00002,0.023060807611979487
25.062,0.5563158907894736,0.16157904868421044,61.57092108395595
25.125,0.5718919959459459,0.16648659054054052,59.76697464685684
25.125,0.6203175619047618,0.1441270857142857,67.92700688839341
25.187,0.6018462507692308,0.14030778923076925,69.79129381525401
25.187,0.5563158881578947,0.16157904605263151,61.57092203008844
25.187,0.5797261328767123,0.16876722876712327,58.959312827304714
25.187,0.6112501015624999,0.14250010156249998,68.71758017078028
25.125,0.6203175571428571,0.1441270809523809,67.92700902117078
25.125,0.5425641974358975,0.15794881282051282,62.99762337233265
25.062,0.6106250984375,0.1418750984375,69.00521406914962
25.062,0.6209524809523809,0.14476200476190476,67.64386939016927
25.062,0.6018462492307692,0.14030778769230765,69.79129454240672
26.312,-0.4799998,14.5200002,0.0
26.25,0.6623729830508474,0.153898406779661,63.614183717360284
26.312,0.6623729830508474,0.153898406779661,63.614183717360284
26.312,0.650666765,0.15066676499999998,64.96440357496608
26.312,0.6506667666666667,0.15066676666666665,64.96440289196187
26.375,0.6629509262295081,0.1711476475409836,57.61415129802317
26.375,0.6616950152542372,0.15322043898305082,63.881663515383316
26.375,0.6622951868852458,0.17049190819672125,57.82399577741456
26.375,0.6215385569230769,0.16000009538461535,61.615734327700935
26.375,0.6737932017241378,0.1565518224137931,62.535979177185695
26.375,0.6215385615384614,0.16000009999999995,61.61573264431216
26.437,0.6856141403508771,0.15929835087719293,61.457770709992154
26.437,0.6506667666666667,0.15066676666666665,64.96440289196187
26.437,0.6623729813559321,0.15389840508474573,63.614184383147986
26.437,0.6623729779661016,0.15389840169491525,63.614185714723384
26.5,0.6856141421052631,0.1592983526315789,61.457770066773556
26.5,0.6623729830508474,0.153898406779661,63.614183717360284
26.5,0.6506667616666667,0.15066676166666668,64.96440494097452
26.5,0.6506667633333333,0.15066676333333331,64.9644042579703
26.5,0.6731035465517241,0.1558621672413793,62.79892477627538
26.562,0.6731035551724136,0.1558621758620689,62.798921475088406
26.562,0.6737932034482758,0.156551824137931,62.53597852268252
26.562,0.6849123824561403,0.15859659298245612,61.71618404507178
26.562,0.6616950152542372,0.15322043898305082,63.881663515383316
26.562,0.6406558344262294,0.1488525557377049,65.7705974130852
26.562,0.6849123859649122,0.15859659649122804,61.71618274736378
26.625,0.6849123842105262,0.15859659473684207,61.71618339621779
26.625,0.6731035517241378,0.15586217241379305,62.79892279556316
26.625,0.6400000934426229,0.14819681475409835,66.0471450233241
26.625,0.6971429607142856,0.16142867499999997,60.63344397410562
26.625,0.6849123807017544,0.15859659122807018,61.71618469392579
26.625,0.6856141385964912,0.159298349122807,61.45777135321075
26.687,0.6731035482758619,0.15586216896551722,62.79892411603796
26.687,0.6971429607142856,0.16142867499999997,60.63344397410562
26.687,0.6400000934426229,0.14819681475409835,66.0471450233241
26.687,0.6623729779661016,0.15389840169491525,63.614185714723384
26.687,0.6731035482758619,0.15586216896551722,62.79892411603796
26.75,0.6849123824561403,0.15859659298245612,61.71618404507178
26.75,0.6506667616666667,0.15066676166666668,64.96440494097452
26.75,0.6296775112903226,0.1458065435483871,67.12988510567367
26.75,0.629677514516129,0.14580654677419352,67.12988369413162
26.75,0.6731035499999999,0.15586217068965513,62.79892345580055
26.75,0.6506667666666667,0.15066676666666665,64.96440289196187
26.812,0.6849123824561403,0.15859659298245612,61.71618404507178
26.812,0.6971429625,0.16142867678571424,60.633443336635004
26.875,0.650666765,0.15066676499999998,64.96440357496608
26.875,0.650666765,0.15066676499999998,64.96440357496608
26.875,0.6506667616666667,0.15066676166666668,64.96440494097452
26.937,0.6731035499999999,0.15586217068965513,62.79892345580055
26.875,0.6296775193548386,0.14580655161290318,67.12988157681863
26.937,0.6731035465517241,0.1558621672413793,62.79892477627538
26.937,0.6616950118644067,0.15322043559322032,63.88166485862495
26.937,0.6971429642857142,0.16142867857142854,60.63344269916442
26.937,0.6400000967213114,0.14819681803278686,66.04714363454885
27.0,0.6731035534482758,0.15586217413793096,62.798922135325775
26.937,-0.19999994000000001,5.80000006,0.0
26.937,0.6522581661290323,0.16838719838709681,58.55864664399034
27.0,0.6733334383333333,0.17333343833333328,56.876061938373546
27.0,0.6737932086206895,0.15655182931034478,62.53597655917309
27.0,0.6516130048387097,0.16774203709677415,58.77193066965266
27.0,0.6209231738461539,0.15938471230769233,61.841039748595925
27.0,0.6629509229508197,0.1711476442622951,57.61415234328082
27.062,0.6522581693548387,0.16838720161290324,58.558645581597304
27.062,0.6318751,0.16312510000000002,60.447634697077476
27.062,0.6221539461538461,0.16061548461538463,61.39212843231975
27.062,0.6227693276923076,0.16123086615384613,61.17020767443185
27.062,0.6419048634920634,0.1657143873015873,59.503140404935664
27.125,0.6863158912280701,0.16000010175438595,61.201599303200005
27.062,0.6623729813559321,0.15389840508474573,63.614184383147986
27.125,0.6737932086206895,0.15655182931034478,62.53597655917309
24.75,-0.1428570857142857,4.1428572,0.0
24.75,0.6356251015625,0.16687510156250002,59.16078608983637
24.75,0.635625096875,0.16687509687500005,59.160787662776535
24.812,0.640655837704918,0.14885255901639338,65.77059603637171
24.812,0.6623729830508474,0.153898406779661,63.614183717360284
24.75,0.6567742951612903,0.1729033274193548,57.109587963962696
24.812,0.6623729762711864,0.1538984,63.61418638051111
24.812,0.6413115721311474,0.14950829344262292,65.4964476947039
24.812,0.6362500999999999,0.16750009999999996,58.95183221652799
24.875,0.6413115704918032,0.14950829180327865,65.49644837710879
24.812,0.6368750984375,0.16812509843750004,58.744408835490624
24.875,0.6744828620689653,0.15724148275862065,62.27531027398926
24.875,0.6520000966666667,0.15200009666666667,64.42273610863158
24.875,0.6520000983333333,0.1520000983333333,64.42273543741368
24.875,0.6737932120689655,0.1565518327586207,62.53597525016686
24.875,0.6169697954545453,0.16242434090909086,60.79407643656418
24.875,0.6264616338461538,0.1649231723076923,59.87295565210731
24.937,0.6513334316666667,0.15133343166666666,64.69239089811659
24.937,0.6630509508474576,0.15457637457627113,63.34902186006162
24.937,0.7112728272727273,0.16581828181818184,59.054176612094956
25.0,0.6623729830508474,0.153898406779661,63.614183717360284
25.0,0.6744828603448275,0.1572414810344827,62.275310922833235
24.937,0.6623729813559321,0.15389840508474573,63.614184383147986
25.0,0.6737932086206895,0.15655182931034478,62.53597655917309
25.0,0.6744828620689653,0.15724148275862065,62.27531027398926
25.0,0.6623729813559321,0.15389840508474573,63.614184383147986
25.0,0.6623729813559321,0.15389840508474573,63.614184383147986
25.0,0.6413115721311474,0.14950829344262292,65.4964476947039
25.062,0.6623729847457627,0.15389840847457623,63.614183051572624
25.062,0.6623729813559321,0.15389840508474573,63.614184383147986
25.062,0.6863158947368421,0.16000010526315786,61.20159802788601
25.062,0.6623729779661016,0.15389840169491525,63.614185714723384
25.125,0.6630509457627118,0.1545763694915254,63.34902384015441
25.125,0.65133343,0.15133343,64.69239157518881
25.125,0.6737932068965516,0.15655182758620684,62.53597721367623
25.125,0.6737932034482758,0.156551824137931,62.53597852268252
25.125,0.6513334316666667,0.15133343166666666,64.69239089811659
25.125,0.6203175539682538,0.14412707777777775,67.92701044302241
25.125,0.6513334316666667,0.15133343166666666,64.69239089811659
25.125,0.6623729796610169,0.1538984033898305,63.61418504893568
25.125,0.6406558344262294,0.1488525557377049,65.7705974130852
25.187,0.661695013559322,0.15322043728813559,63.88166418700412
25.187,0.6513334333333333,0.1513334333333333,64.69239022104438
25.187,0.6623729813559321,0.15389840508474573,63.614184383147986
25.125,0.6513334333333333,0.1513334333333333,64.69239022104438
25.187,0.6856141385964912,0.159298349122807,61.45777135321075
25.187,0.6737932017241378,0.1565518224137931,62.535979177185695
25.187,0.6623729813559321,0.15389840508474573,63.614184383147986
25.25,0.6623729830508474,0.153898406779661,63.614183717360284
25.25,0.6296775129032258,0.1458065451612903,67.12988439990264
25.25,0.6616950186440678,0.1532204423728813,63.88166217214173
25.25,0.6737932034482758,0.156551824137931,62.53597852268252
25.25,0.6737932051724137,0.15655182586206892,62.53597786817937
25.25,0.6737932017241378,0.1565518224137931,62.535979177185695
25.312,0.6623729796610169,0.1538984033898305,63.61418504893568
25.312,0.6978572428571428,0.16214295714285715,60.37956673404443
25.312,0.65133343,0.15133343,64.69239157518881
25.312,0.6623729830508474,0.153898406779661,63.614183717360284
25.375,0.6856141368421053,0.15929834736842105,61.457771996429365
25.312,0.6616950152542372,0.15322043898305082,63.881663515383316
25.375,0.6856141403508771,0.15929835087719293,61.457770709992154
25.375,0.650666765,0.15066676499999998,64.96440357496608
25.312,0.6406558327868852,0.14885255409836062,65.77059810144198
25.375,0.6406558327868852,0.14885255409836062,65.77059810144198
25.375,0.6731035534482758,0.15586217413793096,62.798922135325775
25.375,0.6623729830508474,0.153898406779661,63.614183717360284
25.375,0.6623729830508474,0.153898406779661,63.614183717360284
25.375,0.661695013559322,0.15322043728813559,63.88166418700412
25.375,0.6406558344262294,0.1488525557377049,65.7705974130852
25.375,0.6856141350877193,0.15929834561403508,61.45777263964801
25.375,0.6623729847457627,0.15389840847457623,63.614183051572624
25.437,0.6737932068965516,0.15655182758620684,62.53597721367623
25.437,0.6406558344262294,0.1488525557377049,65.7705974130852
25.437,0.6513334333333333,0.1513334333333333,64.69239022104438
25.437,0.6513334333333333,0.1513334333333333,64.69239022104438
25.437,0.6737932068965516,0.15655182758620684,62.53597721367623
25.437,0.6413115721311474,0.14950829344262292,65.4964476947039
25.5,0.6623729813559321,0.15389840508474573,63.614184383147986
25.5,0.6513334316666667,0.15133343166666666,64.69239089811659
25.5,0.6513334333333333,0.1513334333333333,64.69239022104438
25.5,0.6623729813559321,0.15389840508474573,63.614184383147986
25.5,0.6513334333333333,0.1513334333333333,64.69239022104438
25.5,0.6849123859649122,0.15859659649122804,61.71618274736378
25.5,0.6737932,0.15655182068965517,62.535979831688884
25.437,0.65133343,0.15133343,64.69239157518881
25.5,0.6737932051724137,0.15655182586206892,62.53597786817937
25.437,0.6513334283333333,0.15133342833333333,64.69239225226107
25.437,0.6737932068965516,0.15655182758620684,62.53597721367623
25.437,0.6856141385964912,0.159298349122807,61.45777135321075
25.437,0.6616950152542372,0.15322043898305082,63.881663515383316
25.437,0.6413115704918032,0.14950829180327865,65.49644837710879
25.437,0.6400000999999998,0.14819682131147535,66.04714224577364
25.437,0.6623729813559321,0.15389840508474573,63.614184383147986
25.437,0.6856141385964912,0.159298349122807,61.45777135321075
25.437,0.6737932034482758,0.156551824137931,62.53597852268252
25.437,0.6400000967213114,0.14819681803278686,66.04714363454885
25.5,0.6623729847457627,0.15389840847457623,63.614183051572624
25.437,0.6978572482142856,0.16214296249999996,60.37956483824215
25.437,0.6731035482758619,0.15586216896551722,62.79892411603796
25.5,0.6623729762711864,0.1538984,63.61418638051111
25.5,0.6856141350877193,0.15929834561403508,61.45777263964801
25.5,0.65133343,0.15133343,64.69239157518881
25.5,0.6731035499999999,0.15586217068965513,62.79892345580055
25.5,0.6744828586206896,0.1572414793103448,62.27531157167721
25.562,0.697857244642857,0.16214295892857142,60.379566102110324
25.5,0.6406558327868852,0.14885255409836062,65.77059810144198
25.5,0.6406558311475409,0.14885255245901638,65.77059878979877
25.5,0.6737932034482758,0.156551824137931,62.53597852268252
25.5,0.65133343,0.15133343,64.69239157518881
25.5,0.6623729813559321,0.15389840508474573,63.614184383147986
25.5,0.6513334333333333,0.1513334333333333,64.69239022104438
25.5,0.6513334283333333,0.15133342833333333,64.69239225226107
25.562,0.6400000967213114,0.14819681803278686,66.04714363454885
25.5,0.6737932068965516,0.15655182758620684,62.53597721367623
25.5,0.6623729796610169,0.1538984033898305,63.61418504893568
25.5,0.6623729813559321,0.15389840508474573,63.614184383147986
25.5,0.661695013559322,0.15322043728813559,63.88166418700412
25.5,0.6737932068965516,0.15655182758620684,62.53597721367623
25.5,0.6616950152542372,0.15322043898305082,63.881663515383316
25.437,0.6506667616666667,0.15066676166666668,64.96440494097452
25.5,0.6623729830508474,0.153898406779661,63.614183717360284
25.5,0.6406558344262294,0.1488525557377049,65.7705974130852
25.5,0.6856141315789474,0.15929834210526317,61.45777392608532
25.5,0.6623729813559321,0.15389840508474573,63.614184383147986
25.5,0.6737932051724137,0.15655182586206892,62.53597786817937
25.5,0.6623729813559321,0.15389840508474573,63.614184383147986
25.562,0.6513334333333333,0.1513334333333333,64.69239022104438
25.562,0.6513334333333333,0.1513334333333333,64.69239022104438
25.562,0.6856141403508771,0.15929835087719293,61.457770709992154
25.562,0.6513334316666667,0.15133343166666666,64.69239089811659
25.5,0.6856141368421053,0.15929834736842105,61.457771996429365
25.5,0.6506667666666667,0.15066676666666665,64.96440289196187
25.5,0.6506667633333333,0.15066676333333331,64.9644042579703
25.562,0.6623729830508474,0.153898406779661,63.614183717360284
25.5,0.6856141350877193,0.15929834561403508,61.45777263964801
25.562,0.6506667616666667,0.15066676166666668,64.96440494097452
25.562,0.6856141368421053,0.15929834736842105,61.457771996429365
25.562,0.6737932120689655,0.1565518327586207,62.53597525016686
25.312,-0.33333319999999994,9.6666668,0.0
25.312,0.6283077907692308,0.16676932923076926,59.24555459174079
25.312,0.6482540730158731,0.17206359682539696,57.42261344801558
25.375,0.6011765647058822,0.160000094117647,61.76434845789148
25.375,0.6413115721311474,0.14950829344262292,65.4964476947039
25.375,0.6193940363636363,0.16484858181818177,59.947749973835855
25.437,0.6413115721311474,0.14950829344262292,65.4964476947039
25.375,0.638750103125,0.17000010312500008,58.13115047878901
25.437,0.6526667633333333,0.15266676333333332,64.15540706580245
25.437,0.6419673098360655,0.15016403114754096,65.22466317370193
25.437,0.6526667666666667,0.15266676666666665,64.15540573492267
25.437,0.6520001,0.15200009999999997,64.42273476619579
25.437,0.6495239126984127,0.1733334365079365,57.02453090074262
25.437,0.6393751015625,0.17062510156250002,57.92968218488139
25.5,0.65333343,0.15333343,63.890374189368735
25.5,0.6393750953125,0.17062509531250006,57.929684192301714
25.562,0.6650848440677966,0.15661026779661016,62.567147616486565
25.562,0.6758621672413793,0.15862078793103446,61.76069568746877
25.625,0.641967313114754,0.15016403442622947,65.22466182064086
25.625,0.6526667616666667,0.15266676166666668,64.15540773124235
25.562,0.6107463626865672,0.16298516865671644,60.645137088056764
25.625,0.6644068830508474,0.15593230677966097,62.825532673322236
25.625,0.6644068813559322,0.15593230508474573,62.82553332206346
25.562,0.6495239142857143,0.17333343809523824,57.024530406729
25.562,0.6295385661538463,0.16800010461538475,58.83483193993051
25.562,0.6301539430769231,0.1686154815384615,58.63168862290834
25.625,0.6295385600000001,0.1680000984615385,58.8348339787167
25.625,0.6400000984374999,0.17125009843749997,57.72966264409437
25.687,0.6877194070175437,0.1614036175438596,60.69585297290032
25.687,0.7007143857142857,0.1650001,59.38576845020831
25.687,0.6113433850746269,0.16358219104477617,60.43573797248708
25.75,0.6426230475409835,0.15081976885245899,64.95521308845909
25.75,0.6644068830508474,0.15593230677966097,62.825532673322236
25.75,0.675862172413793,0.15862079310344823,61.76069377423187
25.75,0.6322581629032258,0.1483871951612903,66.02005128383016
25.75,0.6206061545454544,0.16606069999999998,59.53371511554696
25.812,0.675862170689655,0.15862079137931032,61.76069441197749
25.812,0.6714755131147541,0.17967223442622945,55.023584707652454
25.812,0.6113433791044776,0.16358218507462682,60.435740058926434
25.812,0.6301539430769231,0.1686154815384615,58.63168862290834
25.812,0.6877194035087719,0.16140361403508768,60.69585422640028
25.812,0.6301539461538461,0.16861548461538456,58.63168761082953
25.875,0.6758621689655171,0.1586207896551724,61.76069504972311
25.812,0.6400001015624999,0.17125010156249995,57.729661647586006
25.812,0.640625103125,0.171875103125,57.53107314355892
25.875,0.6426230475409835,0.15081976885245899,64.95521308845909
25.875,0.6507937507936506,0.17460327460317449,56.63215158657916
25.875,0.6758621741379309,0.15862079482758615,61.760693136486275
25.875,0.6307693307692307,0.1692308692307691,58.42999666384898
25.937,0.676551822413793,0.15931044310344827,61.506688119697515
25.937,0.6644068779661016,0.15593230169491523,62.825534619545934
25.937,0.6765518241379309,0.1593104448275862,61.50668748739356
25.875,0.6119403955223879,0.1641792014925372,60.227842715044325
25.937,0.6400001,0.17125009999999996,57.72966214584018
25.937,0.6301539415384615,0.16861547999999998,58.63168912894775
25.937,0.6212122166666665,0.166666762121212,59.328920709749596
26.0,0.654000095,0.154000095,63.627608399687084
26.0,0.6650848474576271,0.15661027118644064,62.56714633007513
26.0,0.6212122166666665,0.166666762121212,59.328920709749596
26.062,0.6439345262295081,0.15213124754098356,64.42319451012052
26.062,0.6650848423728813,0.1566102661016949,62.567148259692296
26.062,0.6023530382352942,0.16117656764705887,61.33776497116504
26.062,0.6501588317460316,0.1739683555555555,56.82763617481144
26.0,0.620606156060606,0.16606070151515148,59.53371460172232
26.062,0.6329033225806451,0.14903235483870964,65.74852665194337
26.062,0.6307693292307691,0.16923086769230758,58.42999716627087
26.062,0.6406251015624999,0.17187510156249988,57.53107363825129
26.062,0.621212215151515,0.1666667606060605,59.3289212199011
26.062,0.6212122196969695,0.16666676515151502,59.32891968944665
26.062,0.6546667633333333,0.15466676333333332,63.3670785129834
26.062,0.6212122212121212,0.16666676666666666,59.32891917929515
26.125,0.6772414827586206,0.1600001034482758,61.25484130868616
26.062,0.6406250999999998,0.1718750999999999,57.53107413294363
26.125,0.6307693323076923,0.16923087076923077,58.429996161427034
26.125,0.6406251046875,0.1718751046875,57.53107264886661
26.125,0.6119403999999999,0.16417920597014923,60.22784116140123
26.187,0.654666765,0.15466676499999998,63.367077864432794
26.187,0.6307693323076923,0.16923087076923077,58.429996161427034
26.187,0.6772414810344827,0.1600001017241379,61.25484193561839
26.187,0.6029412764705882,0.16176480588235292,61.1267641638102
26.187,0.6119403880597014,0.16417919402985068,60.2278453044496
26.187,0.6406251015624999,0.17187510156249988,57.53107363825129
26.187,0.6313847138461538,0.16984625230769226,58.229745378265996
26.25,0.6891229070175439,0.16280711754385965,60.1987252034573
26.25,0.631384716923077,0.16984625538461545,58.229744380578985
26.25,0.6212122166666665,0.166666762121212,59.328920709749596
26.25,0.631384716923077,0.16984625538461545,58.229744380578985
26.25,0.6553334333333333,0.1553334333333333,63.108756485306785
26.312,0.678620796551724,0.16137941724137925,60.75752758276989
26.312,0.6619355838709677,0.17806461612903224,55.54221962013979
26.25,0.6406250968749999,0.1718750968749999,57.531075122328325
26.312,0.665762813559322,0.15728823728813557,62.310959262284186
26.312,0.6439345229508197,0.15213124426229505,64.42319582884004
26.312,0.6507937555555555,0.17460327936507936,56.63215012569081
26.312,0.631384716923077,0.16984625538461545,58.229744380578985
26.312,0.6212122196969695,0.16666676515151502,59.32891968944665
26.375,0.6612904290322581,0.1774194612903226,55.7332271078227
26.312,0.6125374119402985,0.16477621791044783,60.02142882305832
26.375,0.6553334366666667,0.15533343666666663,63.108755199177125
26.375,0.6218182787878787,0.16727282424242418,59.1255876148547
26.375,0.6779311379310343,0.1606897586206896,61.0051312691299
26.312,0.6313847153846154,0.1698462538461538,58.229744879422505
26.375,0.6412501031250001,0.17250010312500008,57.3339021593393
26.375,0.6412500999999999,0.17250009999999996,57.33390314167729
26.437,0.655333435,0.15533343499999996,63.10875584224195
26.375,0.6657628152542372,0.1572882389830508,62.3109586245428
26.375,0.6514286746031744,0.17523819841269833,56.43806042159413
26.437,0.665762813559322,0.15728823728813557,62.310959262284186
26.437,0.6241270793650793,0.14793660317460314,66.2641943095721
26.375,0.6313847153846154,0.1698462538461538,58.229744879422505
26.375,0.6412500968749999,0.17250009687499998,57.333904124015255
26.437,0.655333435,0.15533343499999996,63.10875584224195
26.375,0.6721312491803277,0.18032797049180316,54.83430597596919
26.375,0.6412500953125,0.1725000953125,57.33390461518426
26.437,0.6320001015384615,0.17046164000000003,58.03091624075339
26.437,0.6313847107692308,0.16984624923076921,58.229746375953
26.5,0.6779311362068965,0.16068975689655168,61.00513189075924
26.5,0.7028572517857142,0.1671429660714285,58.66244101988245
26.5,0.6035295073529411,0.16235303676470583,60.91727156616508
26.5,0.6218182818181819,0.16727282727272733,59.12558660181866
26.5,0.6514286746031744,0.17523819841269833,56.43806042159413
26.5,0.6218182803030302,0.1672728257575757,59.125587108336696
26.562,0.6786207896551724,0.16137941034482756,60.757530048346275
26.562,0.6566667683333333,0.1566667683333333,62.598627426560974
26.562,0.6625807483870967,0.1787097806451612,55.352567205297845
26.562,0.6671187457627118,0.15864416949152538,61.8050724158263
26.625,0.6560001,0.15600009999999997,62.852616016094544
26.625,0.6452460016393442,0.15344272295081962,63.90015896808624
26.625,0.6418750984374999,0.1731250984374999,57.13813437702326
26.562,0.6313847184615385,0.169846256923077,58.229743881735494
26.625,0.6348388064516128,0.1509678387096774,64.94770321663103
26.625,0.6224243454545454,0.1678788909090909,58.92369856168694
26.625,0.6520635984126983,0.1758731222222222,56.245349107128284
26.687,0.667118747457627,0.15864417118644064,61.805071788804725
26.687,0.6905264175438596,0.16421062807017542,59.70998642682306
26.687,0.6786207913793102,0.16137941206896547,60.757529431952165
26.687,0.6520635920634918,0.17587311587301577,56.24535102738227
26.687,0.6412500999999999,0.17250009999999996,57.33390314167729
26.687,0.6520635984126983,0.1758731222222222,56.245349107128284
26.687,0.6905264192982455,0.1642106298245614,59.70998582105642
26.687,0.6131344253731342,0.16537323134328347,59.8164834048588
26.687,0.6625807451612902,0.17870977741935473,55.352568150184744
26.687,0.6677967101694915,0.15932213389830507,61.555318212979046
26.687,0.6320000999999998,0.17046163846153833,58.03091673605704
26.687,0.6320001015384615,0.17046164000000003,58.03091624075339
26.687,0.6418751015624998,0.17312510156249988,57.138133401656155
26.687,0.6677967101694915,0.15932213389830507,61.555318212979046
26.687,0.6677967101694915,0.15932213389830507,61.555318212979046
26.687,0.6905264210526315,0.16421063157894733,59.70998521528982
26.625,0.6131344268656717,0.1653732328358209,59.81648289431505
26.687,0.6418751046875,0.1731251046875,57.13813242628905
26.75,0.6459017344262294,0.1540984557377049,63.641939812191694
26.687,0.6224243454545454,0.1678788909090909,58.92369856168694
26.687,0.5959421246376813,0.16115951594202904,61.392480840061225
26.687,0.6230304045454546,0.16848495000000005,58.72324204329941
26.75,0.6230304030303031,0.16848494848484855,58.72324254266725
26.812,0.6677967118644067,0.1593221355932203,61.55531759121532
26.75,0.6425000984374999,0.17375009843749997,56.94375179711116
26.75,0.6326154815384615,0.17107701999999997,57.83349791894102
26.812,0.6320000999999998,0.17046163846153833,58.03091673605704
26.812,0.6566667666666667,0.15666676666666665,62.59862805886303
26.812,0.6247620015873014,0.14857152539682536,65.99524614736775
26.812,0.6230304060606061,0.16848495151515155,58.72324154393156
26.812,0.6047059779411763,0.1635295073529411,60.50273525543016
26.812,0.6465574770491802,0.15475419836065568,63.3858774523171
26.812,0.6230304030303031,0.16848494848484855,58.72324254266725
26.875,0.6677967118644067,0.1593221355932203,61.55531759121532
26.875,0.656666765,0.15666676499999999,62.598628691165125
26.875,0.6137314417910449,0.1659702477611941,59.61298864179857
26.875,0.6793104534482758,0.16206907413793104,60.51200528989161
26.875,0.6459017393442622,0.15409846065573765,63.641937883670316
26.875,0.6425001015624999,0.17375010156249995,56.94375082864015
26.875,0.641875103125,0.173125103125,57.13813291397258
26.875,0.6566667666666667,0.15666676666666665,62.59862805886303
26.875,0.6677967084745762,0.1593221322033898,61.55531883474278
26.875,0.6425000999999999,0.17375009999999996,56.94375131287565
26.875,0.6137314417910449,0.1659702477611941,59.61298864179857
26.937,0.657333435,0.15733343499999997,62.34676470719713
26.875,0.6137314373134328,0.16597024328358206,59.61299016260075
26.875,0.6326154846153845,0.17107702307692302,57.83349693533765
26.875,0.6684746728813559,0.16000009661016948,61.30765442836656
26.937,0.657333435,0.15733343499999997,62.34676470719713
26.937,0.6260318428571428,0.14984136666666661,65.464102942557
26.875,0.6326154861538462,0.1710770246153847,57.83349644353593
26.937,0.6425001046875001,0.17375010468750007,56.94374986016911
26.937,0.6332308723076923,0.17169241076923078,57.63746942125688
26.937,0.6326154846153845,0.17107702307692302,57.83349693533765
26.937,0.6230304030303031,0.16848494848484855,58.72324254266725
26.937,0.6472132147540983,0.1554099360655737,63.13195040772297
26.937,0.6137314373134328,0.16597024328358206,59.61299016260075
26.875,0.6137314447761194,0.1659702507462687,59.61298762793052
26.875,0.6236364636363636,0.1690910090909091,58.52420021589552
26.937,0.6533334396825397,0.1771429634920635,55.864008823679754
27.0,0.6684746813559321,0.16000010508474571,61.307651345504866
26.937,0.6236364575757575,0.16909100303030294,58.524202199295885
26.937,0.6332308692307691,0.1716924076923076,57.63747039793129
26.937,0.6236364666666666,0.1690910121212121,58.524199224195414
26.937,0.6332308707692308,0.17169240923076926,57.63746990959406
26.937,0.6236364666666666,0.1690910121212121,58.524199224195414
26.937,0.657333435,0.15733343499999997,62.34676470719713
26.937,0.6367742903225806,0.15290332258064512,64.16690105694374
26.937,0.6580001,0.15800009999999998,62.09700102284879
26.937,0.647213213114754,0.15540993442622947,63.13195103989627
26.937,0.6806897586206896,0.16344837931034478,60.02710098875384
26.937,0.6143284597014925,0.1665672656716418,59.41092951547109
27.0,0.646557475409836,0.15475419672131144,63.38587808979017
27.0,0.6684746779661016,0.16000010169491521,61.30765257864952
26.937,0.6236364636363636,0.1690910090909091,58.52420021589552
26.937,0.6332308723076923,0.17169241076923078,57.63746942125688
26.937,0.6143284522388058,0.16656725820895513,59.41093203228589
26.937,0.6236364606060605,0.16909100606060595,58.5242012075957
27.0,0.6472132114754098,0.15540993278688522,63.1319516720696
26.937,0.643750103125,0.17500010312500008,56.559086055154154
26.937,0.6137314402985073,0.16597024626865667,59.61298914873265
27.0,0.6926316789473684,0.16631588947368423,58.9921527438644
26.937,0.646557475409836,0.15475419672131144,63.38587808979017
26.937,0.6332308707692308,0.17169240923076926,57.63746990959406
26.937,0.6472132114754098,0.15540993278688522,63.1319516720696
26.875,0.653333438095238,0.1771429619047619,55.86400929699119
26.937,0.6266667666666667,0.1504762904761905,65.20184911529032
26.937,0.6236364636363636,0.1690910090909091,58.52420021589552
26.937,0.6326154861538462,0.1710770246153847,57.83349644353593
26.937,0.6149254716417911,0.1671642776119404,59.21029321398951
26.937,0.6580001016666667,0.15800010166666664,62.09700040103896
26.937,0.6472132163934425,0.15540993770491798,63.13194977554966
26.875,0.605294213235294,0.1641177426470587,60.29766133937429
26.875,0.6332308692307691,0.1716924076923076,57.63747039793129
26.875,0.6052942147058823,0.16411774411764704,60.29766082849841
26.875,0.6332308692307691,0.1716924076923076,57.63747039793129
26.937,0.6926316842105262,0.16631589473684208,58.992150971706344
26.875,0.6242425212121211,0.16969706666666662,58.32655847911725
26.937,0.633846256923077,0.17230779538461546,57.44282128985635
26.937,0.6149254761194031,0.16716428208955228,59.21029171449989
26.937,0.643750103125,0.17500010312500008,56.559086055154154
27.0,0.6586667666666667,0.15866676666666665,61.84930875584629
27.0,0.6374194532258064,0.15354848548387093,63.91095174382346
26.937,0.6813794155172412,0.1641380362068965,59.78766453454454
27.0,0.6698306101694914,0.16135603389830505,60.818486943248864
26.937,0.6149254716417911,0.1671642776119404,59.21029321398951
26.937,0.6143284567164179,0.16656726268656719,59.410930522196956
26.875,0.6236364636363636,0.1690910090909091,58.52420021589552
26.937,0.6478689508196721,0.1560656721311475,62.88013056844374
26.937,0.6472132147540983,0.1554099360655737,63.13195040772297
26.937,0.658666765,0.158666765,61.8493093725086
26.937,0.6149254701492537,0.16716427611940293,59.210293713819425
26.937,0.6698306135593219,0.16135603728813555,60.81848573047968
26.875,0.6242425227272727,0.16969706818181812,58.32655798674751
26.937,0.6242425242424243,0.16969706969696977,58.32655749437772
26.937,0.6338462538461538,0.17230779230769228,57.442822259675566
26.937,0.6586667716666667,0.15866677166666668,61.849306905859414
26.937,0.6437501015624999,0.17500010156249995,56.55908653260363
27.0,0.6478689524590163,0.15606567377049177,62.880129941503725
26.937,0.6533334349206348,0.1771429587301586,55.86401024361409
27.0,0.6478689508196721,0.1560656721311475,62.88013056844374
26.937,0.6437501015624999,0.17500010156249995,56.55908653260363
27.0,0.6478689540983605,0.156065675409836,62.880129314563746
26.937,0.6485246885245901,0.15672140983606553,62.630390315388475
26.937,0.6478689491803278,0.15606567049180325,62.88013119538375
26.937,0.6437501015624999,0.17500010156249995,56.55908653260363
26.875,0.6338462553846155,0.17230779384615394,57.44282177476594
26.937,0.6242425257575758,0.16969707121212127,58.326557002007995
26.937,0.6698306101694914,0.16135603389830505,60.818486943248864
26.875,0.6344616415384615,0.17292318,57.249536904714724
26.937,0.6380646129032258,0.1541936451612903,63.6571180254768
26.937,0.6705085762711864,0.16203399999999996,60.5769348952118
26.875,0.6539683619047619,0.17777788571428577,55.67534939556379
26.937,0.6248485848484848,0.1703031303030303,58.130299499867455
26.937,0.6338462553846155,0.17230779384615394,57.44282177476594
26.875,0.6344616430769231,0.17292318153846153,57.24953642319638
26.937,0.6248485848484848,0.1703031303030303,58.130299499867455
26.937,0.6344616384615384,0.17292317692307682,57.24953786775151
27.0,0.6485246885245901,0.15672140983606553,62.630390315388475
26.937,0.6350770246153847,0.17353856307692317,57.05760229877422
26.875,0.6546032809523809,0.17841280476190474,55.488012692261975
26.937,0.6155224850746267,0.167761291044776,59.01106210983617
26.875,0.63446164,0.17292317846153848,57.249537386233094
26.875,0.6161194999999999,0.1683583059701492,58.81322132391996
26.875,0.6546032746031745,0.1784127984126983,55.48801455907172
26.937,0.6344616384615384,0.17292317692307682,57.24953786775151
26.937,0.6491804245901639,0.15737714590163931,62.38270497635718
26.875,0.6155224880597014,0.16776129402985074,59.01106111716751
26.937,0.6705085779661016,0.16203400169491522,60.57693429382572
27.0,0.6387097774193548,0.1548388096774193,63.405370390718595
26.937,0.6546032746031745,0.1784127984126983,55.48801455907172
26.937,0.638064614516129,0.1541936467741935,63.657117393511776
26.937,0.6485246918032785,0.15672141311475404,62.630389071844405
26.937,0.6485246918032785,0.15672141311475404,62.630389071844405
26.937,0.6593334333333333,0.1593334333333333,61.60366260530014
26.937,0.6437500984375,0.17500009843749997,56.55908748750256
26.937,0.6485246918032785,0.15672141311475404,62.630389071844405
26.937,0.6344616384615384,0.17292317692307682,57.24953786775151
26.875,0.6344616415384615,0.17292318,57.249536904714724
26.875,0.6705085779661016,0.16203400169491522,60.57693429382572
26.875,0.6248485863636363,0.1703031318181818,58.13029901094112
26.875,0.6155224850746267,0.167761291044776,59.01106210983617
26.812,0.6248485848484848,0.1703031303030303,58.130299499867455
26.875,0.6254546439393939,0.17090918939393934,57.93541205042862
26.875,0.6254546454545454,0.17090919090909099,57.93541156490921
26.875,0.6254546439393939,0.17090918939393934,57.93541205042862
26.812,0.6450000984375,0.17625009843749997,56.17979444505925
26.875,0.6350770246153847,0.17353856307692317,57.05760229877422
26.875,0.6350770246153847,0.17353856307692317,57.05760229877422
26.812,0.6350770246153847,0.17353856307692317,57.05760229877422
26.875,0.6491804278688523,0.15737714918032783,62.38270374302049
26.812,0.6254546439393939,0.17090918939393934,57.93541205042862
26.875,0.6350770246153847,0.17353856307692317,57.05760229877422
26.875,0.6600001033333333,0.16000010333333328,61.36003586198575
26.875,0.6387097774193548,0.1548388096774193,63.405370390718595
26.875,0.625454646969697,0.1709091924242425,57.935411079389866
26.875,0.6344616415384615,0.17292318,57.249536904714724
26.875,0.6350770215384615,0.17353855999999995,57.05760325510029
26.875,0.6344616415384615,0.17292318,57.249536904714724
26.937,0.649836168852459,0.15803289016393443,62.13704537531592
26.937,0.6600000983333333,0.1600000983333333,61.36003768166282
26.937,0.6254546484848486,0.170909193939394,57.93541059387053
27.0,0.6350770246153847,0.17353856307692317,57.05760229877422
27.0,0.6285715269841269,0.15238105079365075,64.42803765508503
26.937,0.6161195029850747,0.16835830895522394,58.813220338168506
27.0,0.6606667716666667,0.16066677166666668,61.11840528719598
27.0,0.6070589235294117,0.1658824529411765,59.691029096715084
27.0,0.6387097741935484,0.15483880645161288,63.40537164427389
26.937,0.6450001046875,0.17625010468750008,56.1797925618326
26.937,0.6558731222222222,0.17968264603174602,55.11724789483259
26.937,0.6450001046875,0.17625010468750008,56.1797925618326
26.937,0.6600000983333333,0.1600000983333333,61.36003768166282
26.937,0.6248485848484848,0.1703031303030303,58.130299499867455
26.937,0.6161195014925374,0.16835830746268665,58.8132208310442
26.937,0.6456251046875,0.1768751046875,55.99212484554421
26.937,0.6350770276923078,0.17353856615384622,57.05760134244824
26.937,0.6356924123076924,0.17415395076923076,56.86700132141287
27.0,0.6606667716666667,0.16066677166666668,61.11840528719598
26.937,0.6350770246153847,0.17353856307692317,57.05760229877422
27.0,0.626060706060606,0.1715152515151515,57.74187922911573
27.0,0.6504919016393442,0.15868862295081965,61.89339379679048
27.0,0.6076471573529412,0.16647068676470586,59.491632648390734
26.937,0.635077023076923,0.1735385615384615,57.057602776937266
27.0,0.66133344,0.16133344000000002,60.87874561002546
26.937,0.6504919016393442,0.15868862295081965,61.89339379679048
26.937,0.6266667651515151,0.17212131060606056,57.549688714335815
27.0,0.6167165164179105,0.16895532238805971,58.61675618713264
27.0,0.645625103125,0.17687510312500002,55.99212531308192
27.0,0.6356924046153846,0.17415394307692297,56.86700369562785
27.0,0.626060706060606,0.1715152515151515,57.74187922911573
27.0,0.6504919049180327,0.15868862622950813,61.89339258349151
27.0,0.6356924107692308,0.17415394923076924,56.86700179625584
27.0,0.608235394117647,0.16705892352941182,59.29361719541018
27.062,0.6504919049180327,0.15868862622950813,61.89339258349151
27.062,0.6504919016393442,0.15868862295081965,61.89339379679048
27.062,0.6725424779661016,0.1640679016949152,59.86410102337704
27.062,0.6161195029850747,0.16835830895522394,58.813220338168506
27.0,0.6356924123076924,0.17415395076923076,56.86700132141287
27.062,0.6167165164179105,0.16895532238805971,58.61675618713264
27.062,0.6266667681818182,0.1721213136363637,57.549687756710654
27.062,0.626060706060606,0.1715152515151515,57.74187922911573
27.0,0.6173135343283582,0.16955234029850752,58.42165223665413
27.062,0.6406452564516129,0.1567742887096774,62.66240399888492
27.062,0.6504919016393442,0.15868862295081965,61.89339379679048
27.062,0.6173135298507462,0.1695523358208955,58.42165369485605
27.125,0.6620001033333333,0.16200010333333328,60.641034352349706
27.125,0.6504919016393442,0.15868862295081965,61.89339379679048
27.125,0.6200000968749999,0.15125009687499996,64.93732992366321
27.125,0.5988406753623188,0.16405806666666667,60.36651010316645
27.125,0.6356924107692308,0.17415394923076924,56.86700179625584
27.062,0.6173135358208955,0.16955234179104484,58.421651750586854
27.062,0.6266667666666667,0.17212131212121218,57.54968823552321
27.062,0.6266667681818182,0.1721213136363637,57.549687756710654
27.0,0.6173135298507462,0.1695523358208955,58.42165369485605
27.0,0.6462501031250001,0.17750010312500009,55.8057582889922
27.0,0.6462500999999999,0.17750009999999997,55.805759217598435
